,_id,id_str,content,user_loc,user_screen_name,retweet_count,fav_count,created_at,char_count,sentiment_method,sentiment
3,5ffde60d64e25f9f2612592c,1.34905611477667e+18,"If a student is missing class a bunch, their grade is going to be effected regardless, so as teachers we might as well give them grace. K-12 students get sick, and may be reliant on parents or siblings to get them to school, and attendance policies hurt underprivileged kids.","Provo, UT",avatargrace,0,0,2021-01-12 18:10:16,275,tools,negative
8,5ffdf9c180d443513a191637,1.34907726644206e+18,"@JamesTodaroMD @ConservMama17 I went to proms, a lot of hype and not that big of a deal to me anyway :-). 

My mom didn't ""home school"" me, but she was going to college to become a teacher and I was her guinea pig.  I a experienced same ability to think and to TEACH MYSELF anything I needed to learn.  HUGE!",Mountains of California,AudreyJeanne,0,0,2021-01-12 19:34:19,308,tools,positive
9,5ffdfcbbed845d2d2c79e966,1.34908046404532e+18,Last weeks blog by @RachelJTeaches provides an additional five ways to help you engage with your #k12. Great tips to add to the #TipTuesday @caselorg list. #relationshipsmatter https://t.co/N5mCBOjNJx,"Arlington, VA",intellispark,0,0,2021-01-12 19:47:01,200,tools,positive
10,5ffe080e98c32f915e24db4b,1.34909262262797e+18,"All scholars can achieve academic #success! Our master educators apply a holistic approach to adapting, designing, and delivering personalized instruction. We offer #virtual and live educational coaching in all subjects. Let's chat: 720. 600.4465 #Denver #K12 #Education üë©‚Äçüè´üßë‚ÄçüéìüèÜ https://t.co/pFqrH03DUh","Denver, CO",PolyEDNetwork,0,0,2021-01-12 20:35:20,302,tools,positive
11,5ffe0f4698c32f915e24db4d,1.34910037475452e+18,"Community Connections: A Focus on Emotional Health &amp; Well-Being

CCS families are invited to connect with our local mental health and resource providers. Attend the Virtual Provider Fair from 6 to 7 p.m. on Jan. 14th. 

Here is the direct hyperlink: 
https://t.co/zeWWncrdWh","Concord, NC",WolfMeadowElem,0,0,2021-01-12 21:06:09,278,tools,positive
12,5ffe1286b9d79b051b531aab,1.34910386648324e+18,"Don't miss our Virtual Visit Day tomorrow, Jan. 13 from 6 to 7:30 pm! Hear from our new Dean, Jarrod Tutor, in addition to learning about the admissions and financial aid process from our student services team. https://t.co/XCMKImYu1g","Lancaster, OH",ohiou_lancaster,0,0,2021-01-12 21:20:01,234,tools,positive
13,5ffe1340b9d79b051b531aad,1.34910464689642e+18,"Yes! Back to hybrid &amp; athletics are on! 
@WHathletics
 will be updating soon.

The video...https://t.co/5dbZYrSYHu

Student &amp; Parent Virtual Meetings with me
Getting creative for a strong, positive Spring 

Meeting link comes out tomorrow! #WHPantherPride 
@WH_Super @gmferrojr","Massachusetts, USA",DrCSJones,0,0,2021-01-12 21:23:07,285,tools,positive
14,5ffe1368b9d79b051b531aae,1.34910481356542e+18,"Our online Papers Writing services is completely dedicated to all student across the globe. For #pay essay
#research paper 
#assignment 
#lab report 
#thesis 
#dissertation 
#excel assignment 
#research proposal. Dm or email: cleanwriters9@gmail.com
WhatsApp/txt +1(505)375-1979","Texas, USA",SuperiorPro13,0,0,2021-01-12 21:23:47,278,tools,positive
15,5ffe1391b9d79b051b531aaf,1.34910498501172e+18,"The Free Application for Federal Student Aid is your key to financial aid awards, including need-based scholarships, grants, loans and federal work-study funds. Complete the application online by Feb. 1 at https://t.co/BUV543ZyFP. The school code for Miami University is 003077. https://t.co/mMOcrFEOkp","Ohio, USA",MiamiRegionals,0,0,2021-01-12 21:24:28,302,tools,positive
16,5ffe1484b9d79b051b531ab1,1.34910600431563e+18,"Read Online American Speakout, Advanced, Student Book with DVD/ROM and MP3 Audio CD -&gt; https://t.co/of4le4jNG0",New York USA,BrewerYasmmin,0,0,2021-01-12 21:28:31,113,tools,positive
17,5ffe14f0b9d79b051b531ab2,1.34910645567746e+18,"Tim O'Neill, humanities and social science instructor, transitioned his classes online and he kept his dedication to students. Tim embodies respect as he works with and connects with students. 

He shares his advice for success as a student at RCTC at https://t.co/bELWQQQdPD. https://t.co/Z4voY5duPz","Rochester, Minnesota",RochesterCTC,0,0,2021-01-12 21:30:18,300,tools,positive
18,5ffe1623b9d79b051b531ab4,1.34910774346299e+18,"Is your student a lover of science?? Be sure to sign up for the virtual science fair!! https://t.co/FNyJVBqSuB Registration is due January 29th! For more information, please visit the A.B. Combs website: ‚ÄúAcademics and Programs‚Äù tab üß™ üß¨ ü™êüí•","North Carolina, USA",Combs1st,0,0,2021-01-12 21:35:25,239,tools,positive
19,5ffe16f5b9d79b051b531ab5,1.34910862718187e+18,"Do you know anyone taking classes towards their Technical Certificate of Credit(TCC), Diploma, or Associate's Degree program? Let them know they can register online for their spring classes by visiting https://t.co/EGeMGLXJRw https://t.co/bU8v9XGvi5",Savannah Georgia USA,SavannahTechPCE,0,0,2021-01-12 21:38:56,249,tools,neutral
21,5ffe1a3bb9d79b051b531ab9,1.34911214026801e+18,"An area middle school is transitioning to remote instruction following a positive COVID-19 case in a student, according to a letter sent to families.
https://t.co/jOnY1bNkHc","New Bern, NC",wcti12,0,0,2021-01-12 21:52:54,173,tools,positive
22,5ffe1b40b9d79b051b531aba,1.34911323643245e+18,"We're looking forward to joining fellow advocates statewide during the CA Hunger Action Coalition's week of advocacy!  

Learn more and sign up to join us here: https://t.co/Kte1qk5zQx","San Francisco & Marin, CA, USA",SFMFoodBank,0,0,2021-01-12 21:57:15,184,tools,positive
23,5ffe1be6b9d79b051b531abc,1.34911393255279e+18,Thank you @sstollar6 and team!  This looks like a great event with informative sessions.  Bringing invention and instruction aligned with the Science of Reading into Multi-Tiered Systems of Support is critical for student success!,"Wakefield, RI",MsKurto,0,0,2021-01-12 22:00:01,230,tools,positive
24,5ffe1e47b9d79b051b531ac0,1.34911648496284e+18,"Download Mobi Medical Microbiology: with STUDENT CONSULT Online Access, 7e &gt;&gt; https://t.co/LcbV74yik9",New York USA,BrewerYasmmin,0,0,2021-01-12 22:10:10,107,tools,neutral
25,5ffe205cb9d79b051b531ac1,1.34911871897929e+18,"First research project of 2021 - complete!  Habitats &amp; Communities (biomes, ecosystems) mobiles.  These talented kids blow me away!  I only have 1 student who opted for remote learning after holidays &amp; I can't wait to see what she made at home when she returns next week üèúüèûüåä https://t.co/DCbOehAc6Y","Winnipeg, Manitoba",Ms_SMartens,0,0,2021-01-12 22:19:02,306,tools,positive
26,5ffe20b5b9d79b051b531ac2,1.34911909461695e+18,"* Up to 25mbps

And yeh, technically 25mbps would be fine for a single student. But if the speed isn't consistent and there's multiple people pulling bandwidth... oof.

Here's what today looked like for Small Clone's school computer: https://t.co/2JHbGU0zhS",Hell aka Virginia,TheDebbieMia,0,0,2021-01-12 22:20:32,257,tools,positive
28,5ffe215eb9d79b051b531ac4,1.34911980225458e+18,Excited to have our student tours starting today. These are for 9th graders or other new students to WHS. Visit our website for more info or to view the virtual tour video!  #OneTribe #TheConejoWay @ConejoValleyUSD https://t.co/OXohaQ70hk,"Thousand Oaks, CA",WestlakeHS_CA,0,0,2021-01-12 22:23:20,238,tools,positive
31,5ffe2377b9d79b051b531ac7,1.34912205376974e+18,"‚ú®Attention Student Organizations ‚ú®

UIW Campus Engagement would like to invite your Organization to attend our Virtual Activities Fair on Wednesday, January 13. 

The event will be held virtually from 
11 a.m-1 p.m. 
Please register via UIW Engage. 

#uiw#uiwcardinals #uiwpride https://t.co/dEYXOZcY7L","San Antonio, Texas",UIWcampusengage,0,0,2021-01-12 22:32:17,302,tools,positive
32,5ffe23aeb9d79b051b531ac8,1.34912228560551e+18,"A story from distance learning: A student broke his arm and sent a note to the PE teacher to be excused from class. He hasn‚Äôt been going all year, so I‚Äôm not sure why he needs a not now.
#ElementaryTeacher #DistanceLearning #FifthGrade #WearAMask","California, USA",laura_a_jones88,0,0,2021-01-12 22:33:13,246,tools,negative
35,5ffe241cb9d79b051b531aca,1.34912274939493e+18,"Have you bought your 'tickets' yet?? 

Be a part of our first-ever Virtual Sellout campaign for Cat/Griz basketball! Your presence in the Brick is sorely missed, but here's an opportunity to show our student-athletes how much support they have! 

Buy now: https://t.co/lz4YOu03KF https://t.co/a9y79G476G",Montana State University ,MSUBobcats,0,0,2021-01-12 22:35:03,303,tools,positive
36,5ffe245fb9d79b051b531acb,1.3491230280646e+18,Carleton‚Äôs history undergraduate student association produced this impressive report on how students are managing online classes during a pandemic. Worth a look beyond just Carleton if you find yourself asking how students are feeling about it all ...,"Carleton University, Ottawa",lugthecam,0,0,2021-01-12 22:36:10,251,tools,positive
39,5ffe2498b9d79b051b531acd,1.34912326689665e+18,"@PaulTBackes Thanks for sharing your story. We can't wait to hear how this semester goes. 

It's student stories like yours that reaffirm our decision to keep learning flexible during this time, offering in-seat, virtual and online classes. 

Keep up the good work! #WeAreCC","Columbia, MO and Worldwide",ColumbiaColg,0,0,2021-01-12 22:37:06,274,tools,positive
40,5ffe24cdcc3e02c6bdcaccba,1.34912349039856e+18,@TheFive There have been kids left waiting for teacher's online. Some day's they don't even show up. Smaller schools and colleges had to upgrade there ITS department's to teach online which also took time.,New Jersey,web61,0,0,2021-01-12 22:38:00,205,tools,neutral
42,5ffe2571cc3e02c6bdcaccbb,1.34912417766463e+18,"If you‚Äôre so inclined.. please feel free to follow, like or RT. We could all use more self care right now. It‚Äôs essential. #thankyou #stress #yoga","Michigan, USA",dnicholas,0,0,2021-01-12 22:40:44,146,tools,positive
45,5ffe331023179040effd3a3a,1.34913880509414e+18,@froehlichm @basil_marin Gotta raise up @nottmer because she led a district wide response to Covid focused on empowering students K-12 with chances to engage in inquiry based learning and supported teachers at 30+ school sites to engage with new ways of teaching. #AbsoluteBadass https://t.co/RFQC5TBt6v,Colorado Springs,CraftingHeroes,0,0,2021-01-12 23:38:51,303,tools,positive
46,5ffe35ea23179040effd3a3b,1.34914186662585e+18,"""Livestreamed remote instruction is set to remain a significant part of K-12 education, long after the coronavirus pandemic is finally under control."" https://t.co/KTHzwgLYJN This isn't going away, people.","Flemington, New Jersey",willrich45,0,0,2021-01-12 23:51:01,205,tools,positive
49,5ffe50ae9e7cad1d475fabb4,1.34917060475954e+18,What a great opportunity for learning from my alma mater @SJSU @sjsulurie! Feedback has been an ongoing stress in online instruction.,"Texas, USA",dvneighborsEDU,0,0,2021-01-13 01:45:13,133,tools,positive
54,5ffe61676e329c0ff5c629ae,1.34918856182904e+18,@LLacrosse There is a lot of research--academic as well as commercial that is available online which indicates the effective uptake and impact of AR on K-12 learning.  Every client we work with has wanted to see the research--and it's there. And lots of studies still going on. #AppleEDUchat,New York,ElizabethReede,0,0,2021-01-13 02:56:34,291,tools,positive
55,5ffe616707c63a02aa2dcd05,1.34918856182904e+18,@LLacrosse There is a lot of research--academic as well as commercial that is available online which indicates the effective uptake and impact of AR on K-12 learning.  Every client we work with has wanted to see the research--and it's there. And lots of studies still going on. #AppleEDUchat,New York,ElizabethReede,0,0,2021-01-13 02:56:34,291,tools,positive
56,5fff37f959e483d3a8dfd20b,1.34941895372302e+18,"Remember: 

K-12 ""research databases"" are designed to bypass filtering

Our legislators &amp; #schoolleaders must get on board - fix the loopholes in obscenity statutes

#moms #dads #teachers #educators #schoollibrarians #parentingtips 

https://t.co/8L0IAdW9jS via @elearninginside","Colorado, USA",CCSDConvo,0,0,2021-01-13 18:12:04,282,tools,neutral
58,5fff444daa8bbb4411ee27b3,1.3494321902544e+18,"#STEM #entrepreneurs / #founders: Have you applied to #EarlyRisersAcademy yet? The free, 10-week virtual course, part of @LaunchDayton, will teach you the ins and outs of #funding, #commercialization, and more. Tech cohort led by our CEO. Learn more: https://t.co/UX1ZIq5ZlL","Hilliard, Ohio",ConvergeVentur1,0,0,2021-01-13 19:04:40,274,tools,positive
60,5fff5b107002fc979edd0d2b,1.34945663055609e+18,Also BIG shout out to @equalitycs for a great MLL/ELL middle school visit today! The co-teaching pair observed today in their remote classroom were CLEARLY invested in their student's learning during this difficult school year. #inclusiveschools #nyccharterschools #remotelearning,New York City,InclusiveEdNY,0,0,2021-01-13 20:41:47,280,tools,positive
62,5fff5b78409f619ae72fd29a,1.34945706716215e+18,RT @Jay_ONealWV: @WVeducation So let me get this straight: the State Board is having a REMOTE meeting to tell county school systems that th‚Ä¶,"West Virginia, USA",TracyLord3,0,0,2021-01-13 20:43:31,140,tools,positive
65,5fff5bca75bee4c234d3cda2,1.34945741422405e+18,"RT @Raspberry_Pi: Teachers, parents, students üì¢ Access over 300 free, curriculum-mapped video lessons we've created based on our @WeAreComp‚Ä¶",New Forest,bakewelltartt,0,0,2021-01-13 20:44:53,140,tools,positive
67,5fff5c92074b622aa57940aa,1.34945824836617e+18,"@carbonarachimmy Yes we do! üòä
I absolutely LOVE teaching. It was rough with remote learning but we powered through it. It genuinely brings me so much joy. I never thought I would say I loved going to work every morning. If you ever need any advice/help don‚Äôt hesitate to reach out! üíú","New York, USA",Becca7xx,0,0,2021-01-13 20:48:12,283,tools,positive
68,5fff5cb9074b622aa57940ab,1.34945841172181e+18,I hope 2020's frantic efforts to get technology into student hands for COVID-related remote and hybrid learning leads to a real narrowing of the tech skills gap between our wealthy and less wealthy districts.,"Northern burbs, Illinois, USA",ShastathePlaid,0,0,2021-01-13 20:48:51,208,tools,positive
70,5fff5d55074b622aa57940ad,1.34945906665397e+18,RT @ColleenMConn: I've been tracking education coverage for several months for @thegrade_ and I started to notice outlets publishing the sa‚Ä¶,"New York, NY",soljourno,0,0,2021-01-13 20:51:27,140,tools,neutral
73,5fff5daf074b622aa57940b0,1.34945944623431e+18,RT @ColleenMConn: I've been tracking education coverage for several months for @thegrade_ and I started to notice outlets publishing the sa‚Ä¶,"Newport, RI",GNEErynDion,0,0,2021-01-13 20:52:58,140,tools,neutral
74,5fff5e24074b622aa57940b5,1.34945993797024e+18,". @flippingwithjoy teacher, Sir Wilfrid Laurier Coll Inst @tdsb
If you told me 8 months ago that I‚Äôd be part of presentation on strategies for remote learning, I would‚Äôve laughed because I‚Äôd never been interested in virtual teaching
#tltechlive
Reg https://t.co/XU3X7Be1AZ","NY, CA and elsewhere",techlearning,0,0,2021-01-13 20:54:55,272,tools,positive
77,5fff5eb7074b622aa57940b9,1.34946055415129e+18,RT @Ofstednews: Remote learning tips from Ofsted's @ProfDanielMuijs - 'We don‚Äôt have to make huge changes to the way we teach.' https://t.c‚Ä¶,"Lambeth, London",LdnCLC,0,0,2021-01-13 20:57:22,140,tools,positive
79,5fff5f6f074b622aa57940c0,1.34946132470788e+18,"RT @tegatoney: I can tell you the answer is yes. They were offended. And quite frankly, not only am I offended, but I‚Äôm angry that this was‚Ä¶","West by God Virginia, USA",irishrebelTFS,0,0,2021-01-13 21:00:26,140,tools,negative
82,5fff5f88074b622aa57940c3,1.34946143140257e+18,". @flippingwithjoy teacher, Sir Wilfrid Laurier Coll Inst @tdsb

Isolation is a problem in remote learning. You need to build care and community in your class, so check in regularly
 
#tltechlive
Reg https://t.co/XU3X7Be1AZ","NY, CA and elsewhere",techlearning,0,0,2021-01-13 21:00:51,223,tools,negative
83,5fff6026074b622aa57940ca,1.3494620930121e+18,RT @massp: What MI % of schools are 5 days f2f? How many are still fully remote? What changes have been made over the past 5 months? Join u‚Ä¶,"Waterford, MI",SGSnead,0,0,2021-01-13 21:03:29,140,tools,positive
84,5fff6058074b622aa57940cb,1.34946230435467e+18,RT @EstergrenSue: @MochaBuz I am so sad. I am a teacher and this remote learning is awful for everyone.,"Minnesota, USA",MochaBuz,0,0,2021-01-13 21:04:19,103,tools,negative
86,5fff6094074b622aa57940cd,1.34946255454473e+18,"RT @CaraLisette: Uni students, give me your top tips for learning remotely.

Therapists, give me your top tips for delivering treatment rem‚Ä¶","Rio Dell, CA",jfksteelie,0,0,2021-01-13 21:05:19,140,tools,positive
93,5fff6224074b622aa57940d8,1.3494642317422e+18,RT @OmahaPubSchool: The next step in our phased transition to in-person learning is set. The Family 3/2 Model continues this month. We will‚Ä¶,"Omaha, Nebraska",OPS_WilsonFocus,0,0,2021-01-13 21:11:59,140,tools,neutral
94,5fff623c074b622aa57940d9,1.34946433092493e+18,@altNOAA The other group that should get it is teachers who are doing in-person teaching. My city's district completely failed to get the infrastructure in place to do full-remote learning (I am PISSED) so teachers have been forced back in the classroom.,"Middle of Nowhere, USA",TenshiHime13,0,0,2021-01-13 21:12:22,254,tools,negative
95,5fff625d074b622aa57940db,1.34946447071687e+18,"üéâ NEW LISTING IN MELROSE, MA! Immaculate Cape Cod style home with bonus space in basement for home office, remote learning or a gym.
‚û°Ô∏è See VIRTUAL TOUR and details here: https://t.co/vNktT8hHtf..
üè°*OPEN HOUSES: Jan 14, 5-6:30 p.m., Jan 17, 11-12:30 p.m. Contact us for info! https://t.co/hQyk5qqHZR","Melrose, MA",KimPerrottiTeam,0,0,2021-01-13 21:12:56,299,tools,positive
96,5fff625e074b622aa57940dc,1.34946447503282e+18,@BethlehemCSD I‚Äôm hearing from middle school parents that your teachers are accessing kids laptops while they are remote learning...audio and visual without permission...this is a violation of privacy and security in our homes.,"Albany, NY",Ninurek,0,0,2021-01-13 21:12:57,227,tools,negative
98,5fff6288074b622aa57940de,1.34946465186035e+18,"Start 2021 off right with 6 OK2Ask virtual professional learning workshops! Learn how to engage students with digital tools and integrate technology in remote, hybrid, HyFlex, and in-person learning environments from anywhere with an internet connection! #edtech #Teachers # https://t.co/XwWouJOTaM","Cupertino/Pacifica, CA  USA",smillerteacher,0,0,2021-01-13 21:13:39,298,tools,positive
99,5fff6290074b622aa57940df,1.3494646860189e+18,"RT @HCDSB: ATTN #HCDSB parents, staff &amp; students ~ schools in #Halton are still set to return to in-person learning on January 25th. We wil‚Ä¶","Milton, Ontario",StBeneHCDSB,0,0,2021-01-13 21:13:47,144,tools,neutral
103,5fff647a074b622aa57940e7,1.34946673876147e+18,"Start 2021 off right with 6 OK2Ask virtual professional learning workshops! Learn how to engage students with digital tools &amp; integrate technology in remote, hybrid, &amp; in-person learning environments from anywhere with an internet connection! https://t.co/9ZFU6TArdp #edtech https://t.co/johTCPwrVt","Cupertino/Pacifica, CA  USA",smillerteacher,0,0,2021-01-13 21:21:57,306,tools,positive
105,5fff64ca074b622aa57940e9,1.34946707605913e+18,Go to the Met now - especially if you're doing remote learning with the kiddos at home! Thanks @Verizon.  Now how about @NewfieldsToday in #Indy?,Indianapolis,KyleComm,0,0,2021-01-13 21:23:17,145,tools,positive
109,5fff65b3074b622aa57940ef,1.34946805363398e+18,"@cristina_CP24 Exactly..... my son has autism, isn‚Äôt in a special needs class but has full day ERW support. He is remote learning and it‚Äôs hard. Definitely not the same level of education as he gets in school. Remote learning does not work for most special needs kids.","Mississauga, Ontario",TothJC,0,0,2021-01-13 21:27:10,268,tools,positive
111,5fff65c7074b622aa57940f1,1.34946813568701e+18,RT @CathalMolloy: Breakout Rooms have been a welcome addition in @MicrosoftTeams during this period of remote learning for group and pair w‚Ä¶,Winnipeg,hildebrandt07,0,0,2021-01-13 21:27:30,140,tools,positive
112,5fff6632074b622aa57940f5,1.34946858277896e+18,"@snowfloof Not only that, they said they‚Äôre going back NO MATTER WHAT, and no full-time remote learning","Morgantown, West Virginia",3LegGingerCat,0,0,2021-01-13 21:29:16,103,tools,negative
113,5fff6642074b622aa57940f7,1.34946865458544e+18,RT @DanTbobMan: For an undemocratic/unelected state board to overrule the will of elected county school boards while putting the health and‚Ä¶,"Charleston, WV, USA, Earth",AstroValerie,0,0,2021-01-13 21:29:33,140,tools,neutral
114,5fff664e074b622aa57940f8,1.34946870438025e+18,RT @DanTbobMan: For an undemocratic/unelected state board to overrule the will of elected county school boards while putting the health and‚Ä¶,WV - She/Her or They/Them,XylariaVG,0,0,2021-01-13 21:29:45,140,tools,neutral
116,5fff6666074b622aa57940fa,1.34946880500152e+18,RT @DanTbobMan: For an undemocratic/unelected state board to overrule the will of elected county school boards while putting the health and‚Ä¶,USA,DazedWheels,0,0,2021-01-13 21:30:09,140,tools,neutral
117,5fff6671074b622aa57940fb,1.34946884939409e+18,"@literaryeric I feel totally seen. 
Also getting a lot of computer access scams which makes more sense in a way since less savvy folks are being forced to work from home or supervise children doing remote learning.",Metro NYC,mog1717,0,0,2021-01-13 21:30:20,214,tools,negative
121,5fff67a6074b622aa5794102,1.34947014613028e+18,"RT @teacherhead: If you already know, you know... but if not, this might be useful. https://t.co/tOzX9CtlcD",Wales,roger_wilcox,0,0,2021-01-13 21:35:29,107,tools,positive
127,5fff6833074b622aa5794109,1.34947073681411e+18,"RT @NicJNo: @lukeming It's EXHAUSTING, the teachers have been great, very engaged remotely with the kids. But trying to work from home, and‚Ä¶",Midlands North West,lukeming,0,0,2021-01-13 21:37:50,140,tools,positive
129,5fff6849074b622aa579410b,1.34947082771721e+18,"RT @shaun_allison: ‚ÄòPedagogy trumps format‚Äô

Great article from @BeckyFrancis7 in the @tes 

https://t.co/aLBtGhFDvB",Cornwall,BrumbyAndrew,0,0,2021-01-13 21:38:11,116,tools,positive
132,5fff688a074b622aa579410e,1.34947110022957e+18,"RT @AbbyBenedetto: lineup for days!!!! I. Am. In. @LASTNAMELIPSET, @karlaevigil,  @Carlos_Moreno06, @kalebrashad and the rest of this ESTEE‚Ä¶","Providence, RI",karlaevigil,0,0,2021-01-13 21:39:16,140,tools,neutral
133,5fff688f074b622aa579410f,1.34947112346602e+18,RT @PeMissmills: Fitness Word Search Challenge for Ks3 remote learning! Pupils really engaging with this and sharing their results/progress‚Ä¶,"Georgia, USA",FreeHomeRocket,0,0,2021-01-13 21:39:22,140,tools,positive
136,5fff69dc074b622aa5794117,1.34947251821473e+18,"1/ ‚ÄúHow‚Äôs your kid‚Äôs online class? Here‚Äôs the gold standard.‚Äù This is great, and inspiring, but an important lesson and new tool that we all should recognize from from this academic year is #technology. https://t.co/bZ3MwHx2op",New York,ElizabethReede,0,0,2021-01-13 21:44:54,226,tools,positive
139,5fff6c0d074b622aa579411e,1.34947487106408e+18,Accessing different parts of our brains as a support to learn and positive mental health. Kudos to our Grade 7 student who has found artistic experience on her journey during remote learning. https://t.co/g1q9RhqwNi,"Winnipeg, MB",varennesLRSD,0,0,2021-01-13 21:54:15,215,tools,positive
140,5fff6c2a074b622aa579411f,1.34947499456949e+18,"@mcnallypeterj @syleegrrl @CrazedHatter Funny enough my daughter is 8, is currently remote learning,  and she socializes a lot online. She does video calls with her friends and cousins and plays games with them online. So now you at least have 1.  :)",NW Indiana,ripsup,0,0,2021-01-13 21:54:45,250,tools,positive
142,5fff6d48074b622aa5794123,1.34947619316321e+18,The goal is to reduce too-big in-person class sizes and increase too-small remote class sizes. The downside is that it means yet another change for students and teachers who've experienced educational whiplash as a side effect of the COVID-19 pandemic. https://t.co/o8UMO5dQ7f,calexander@news-jrnl.com,bycassidy,0,0,2021-01-13 21:59:31,276,tools,positive
144,5fff6d78074b622aa5794125,1.34947639515253e+18,"RT @mhkryger: Some of you (@yalepccsm, @AASMorg, @atscommunity, @adrian_ajwsleep , @guy_lesch)  may not know I teach an undergraduate cours‚Ä¶","New York, NY",atscommunity,0,0,2021-01-13 22:00:19,140,tools,neutral
145,5fff6d86074b622aa5794126,1.34947645246348e+18,"A face-to-face workshop is not easily replicated in a virtual one. As trainers, you need to work harder and apply specific skills to make your online sessions successful. 
 
Join our online workshop and have fun discovering ways to ease into the world of remote learning. https://t.co/ZvYENS61ej","Pasadena, CA",RayJimenez,0,0,2021-01-13 22:00:32,295,tools,positive
149,5fff6e55074b622aa579412b,1.3494773195728e+18,We love this classroom construction zone that Jason Lee fourth-grade teachers created for their students! The students had started learning about area and perimeter in remote learning and donned hard hats in applying them to real world problems together in their classrooms. https://t.co/UPXGTZAG4Q,"Richland, WA",RichlandSD400,0,0,2021-01-13 22:03:59,298,tools,positive
152,5fff6eb4074b622aa579412f,1.34947772002404e+18,More resources to support remote learning on offer from the Open University https://t.co/95vmOE0NtN @clydeview_a @ndhs1 @PortGlasgowHS @_stcolumba @Ststephenshs @LomondViewAcad @CraigmarlochINV,Inverclyde and Greenwich,MichaelInverHOE,0,0,2021-01-13 22:05:35,193,tools,positive
154,5fff6edd074b622aa5794131,1.3494778935802e+18,RT @BarbaraBarrWGAL: Speaking 1-1 with SDOL Superintendent Damaris Rau about students returning to classrooms after declining academic perf‚Ä¶,"Lancaster, PA",SDoLancaster,0,0,2021-01-13 22:06:16,140,tools,neutral
157,5fff702c074b622aa5794138,1.34947929578638e+18,"Some reasons a certain portion of kids are thriving during remote learning:

1. Freedom to be self-directed learners
2. More comfortable communicating with peers/teachers through chat bars and emails
3. Unrestricted access to digital content

All 3 can still happen in-person!","Washington, DC",Kareemfarah23,0,0,2021-01-13 22:11:50,276,tools,positive
159,5fff78ddc50c7a5bdfdae07c,1.34948863046996e+18,"@KenWallace207 @Maine_207 I love this, @KenWallace207! What is your district doing for the students who have excelled at remote learning?","Morris, IL",Miss_Geiss,0,0,2021-01-13 22:48:56,137,tools,positive
160,5fff78f5c50c7a5bdfdae07d,1.34948873143095e+18,"‚úÖ  Teamwork ‚úÖ  Engaged Students ‚úÖ  Social &amp; Emotional Learning

It was inspiring to hear @GWCCobras teachers share at today's AVID Regional Presentation.  Mrs. Aguayo lead the session on how students have excelled with collaboration even during remote learning. https://t.co/UpQlQ78Ky6","Yuma, Arizona",YumaDistrict1,0,0,2021-01-13 22:49:20,289,tools,positive
161,5fff790ac50c7a5bdfdae07e,1.34948881648734e+18,"RT @pat_nabong: Locked-out CPS employees teach outside home of Chicago Board of Education president
https://t.co/Rak0avWSsv by @slesposito‚Ä¶","Chicago, USA",stamos1979,0,0,2021-01-13 22:49:40,139,tools,neutral
164,5fff79dfc50c7a5bdfdae084,1.34948971362381e+18,The art students are so inspired and motivated at @lyceechicago that even a short remote learning period following winter break doesn‚Äôt stop them from producing meaningful conceptual art. #finishstrong #motivated #arted #ibart #senior2021 https://t.co/DmvtmorhWp,"Illinois, USA",elysiasheehan,0,0,2021-01-13 22:53:14,262,tools,positive
167,5fff7ae4c50c7a5bdfdae089,1.34949080864333e+18,"Students everywhere are adjusting to new ways of learning. Here are five tools and strategies that can support personalized learning in a time of classroom, remote and hybrid learning. https://t.co/K1cHXXy8UH",Nashville and Middle Tennessee,JAofMidTN,0,0,2021-01-13 22:57:35,208,tools,positive
169,5fff7b13c50c7a5bdfdae08c,1.34949100250406e+18,"RT @ICMediaCenter: Fast, fun brain/body exercises change brain-chemistry around screen time. Learn how to boost focus for remote learning a‚Ä¶","Chicago, Illinois",MediaXOX,0,0,2021-01-13 22:58:21,140,tools,positive
170,5fff7b2dc50c7a5bdfdae08e,1.34949111348105e+18,RT @gregorymbryant: Thanks to @chancetherapper and @CDWCorp we are able to help equip students with the technology they need to have a mean‚Ä¶,Silicon Valley - California,caro_milanesi,0,0,2021-01-13 22:58:48,140,tools,positive
172,5fff7b75c50c7a5bdfdae090,1.34949141629312e+18,"In the first Ohio Charter News Weekly of the new year, we look at the vaccination schedule for school personnel, celebrate grants for improving remote learning, bust some myths, and more. Read it now. https://t.co/LMcNNfuubb","Columbus and Dayton, Ohio",OhioGadfly,0,0,2021-01-13 23:00:00,224,tools,positive
173,5fff7b7fc50c7a5bdfdae091,1.34949145519108e+18,"We're ensuring remote learning is accessible to our @NYCSchools students. 

That includes:
üì± 500,000 iPads ordered for students
üì± 450,000 iPads delivered to students
üì± 50,000 iPads on the way https://t.co/e0neCzwiUB",New York City,nycgov,0,0,2021-01-13 23:00:09,215,tools,positive
175,5fff7b9ac50c7a5bdfdae094,1.34949156830309e+18,"Join me at #RemoteLearningConIL! I'm presenting: 
* 1/14: #Microcredentials: New horizons in #ProfessionalLearning 
* 1/15: Just Click Record: Podcasting for student and #ProfessionalLearning, with @DrNickSutton and @YodaMatt68
Read more at https://t.co/FjsJvt7erO @ltcillinois https://t.co/6Boy1QD37x","Macomb, IL",YodaMatt68,0,0,2021-01-13 23:00:36,301,tools,positive
176,5fff7bcac50c7a5bdfdae095,1.34949176974295e+18,RT @kashleyenglish: #vocabulary #language and #communication are key to pupils' learning and progress - now more than ever as we have moved‚Ä¶,Cambridgeshire,NickieEdu,0,0,2021-01-13 23:01:24,140,tools,positive
177,5fff7c2cc50c7a5bdfdae099,1.34949218325937e+18,Hey I think I know what‚Äôs blowing a hole in our budget amazing that we won‚Äôt built tablets stateside for half the cost,New York City,B_Y_3,0,0,2021-01-13 23:03:03,118,tools,positive
178,5fff7c56c50c7a5bdfdae09a,1.34949235967599e+18,"This is awesome. Now do it for women who have ""gaps"" in their employment history because they took time off to care for children. We don't deserve to face hiring discrimination because we made the same choice 20 years before the pandemic made it acceptable.","Ann Arbor, Michigan",cathshaffer,0,0,2021-01-13 23:03:45,257,tools,positive
179,5fff7c97c50c7a5bdfdae09e,1.34949262993596e+18,"Due to a large number of staff members in quarantine, Pleasantville Elementary School will be in an Orange Status Level until Monday, January 25.  All students at PES will be in a remote learning environment until 1/25/21.","Lancaster, OH",FULocalSchools,0,0,2021-01-13 23:04:49,222,tools,positive
182,5fff7d1ac50c7a5bdfdae0a3,1.34949317936463e+18,"I'm 100% that annoying Millennial teacher that makes lame memes to send to my students about our switch to fully remote learning.
Behold. https://t.co/6qUK7hKpTR","North Carolina, USA",SydneyDeStella,0,0,2021-01-13 23:07:00,161,tools,negative
185,5fff7efec50c7a5bdfdae0b0,1.34949520976426e+18,"Innovative Teacher Podcast E22: Remote Learning Realities
https://t.co/yiasbO9Ueu

#schoolrubric #innovativeteacherpodcast #lessonplanning #remotelearning #stem via @schoolrubric https://t.co/yWil7sH2aK","Orlando, Florida, USA",schoolrubric,0,0,2021-01-13 23:15:05,202,tools,positive
189,5fff8032c50c7a5bdfdae0b6,1.34949650266267e+18,"RT @BlountLeopards: All Blount High School students will participate in remote learning on Thursday, January 14th due to the low water pres‚Ä¶","Alabama, USA",LadyHistory08,0,0,2021-01-13 23:20:13,140,tools,negative
190,5fff804cc50c7a5bdfdae0b7,1.34949661213821e+18,"This is great to see/read/share

Giving back!

Mike is right - not all kids have access to technology for remote learning.  Every little bit counts",CANADA / USA - YOUR SCHOOL,pauldavisSNS,0,0,2021-01-13 23:20:39,147,tools,positive
191,5fff8088c50c7a5bdfdae0b8,1.34949686380062e+18,"nycgov: We're ensuring remote learning is accessible to our @NYCSchools students. 

That includes:
üì± 500,000 iPads ordered for students
üì± 450,000 iPads delivered to students
üì± 50,000 iPads on the way https://t.co/hwHZAo3nRE","Beach 37th Street, New York",DatacenterIndu,0,0,2021-01-13 23:21:39,223,tools,positive
193,5fff80b9c50c7a5bdfdae0ba,1.34949707008488e+18,RT @shanedbergin: Remote teaching requires a huge amount of work to replicate the social aspects of learning that can come so easily when w‚Ä¶,"Massachusetts, USA",mrmalvikscience,0,0,2021-01-13 23:22:28,140,tools,positive
199,5fff829e0b7de2d33c3f7a70,1.34949910152053e+18,@TDLTed @VinGuptaMD Thank you for sharing; I have read this one. Remote learning has only revealed and made more stark pre-existing issues of lack of access and systemic inequity for many learners... but what I‚Äôm referring to is pedagogy and practice.,"Detroit, MI",Hazel1173,0,0,2021-01-13 23:30:32,251,tools,positive
200,5fff82ad0b7de2d33c3f7a71,1.34949916451888e+18,"Hey @dougducey #ThisSeatIsFull you are wrong to be taking funding away! Remote learning is happening, it‚Äôs safe and my kids teachers are doing an amazing job! The teachers and students should not be punished or forced in classrooms during a pandemic @kathyhoffman_az https://t.co/rtDsRavfW7","Scottsdale, AZ",bonbon_chevlin,0,0,2021-01-13 23:30:47,290,tools,positive
202,5fff82e60b7de2d33c3f7a73,1.34949940320413e+18,RT @cdespinosa: People management is a profession and a skill. Never call these ‚Äúsoft skills.‚Äù They are hard. https://t.co/zfneL7HyWz,Northern California,bgannin,0,0,2021-01-13 23:31:44,133,tools,negative
203,5fff851f0b7de2d33c3f7a79,1.34950179165483e+18,"RT @RHS_JROTC_SAI: Good luck to the RHS JROTC Leadership and Academic bowl (JLAB) Academic team in the competition against over 1,500 Army‚Ä¶",Malden MA,LeagueBoston,0,0,2021-01-13 23:41:14,139,tools,positive
204,5fff864a0b7de2d33c3f7a7c,1.34950304752176e+18,"Public schools across the country have seen a drastic drop in enrollment, in part because parents frustrated by COVID-closed classrooms and poor remote learning have turned to private schools.  https://t.co/iki3Yrd2vH","Highland Park, Texas",pcparentsunite,0,0,2021-01-13 23:46:13,217,tools,negative
205,5fff86500b7de2d33c3f7a7d,1.34950306887913e+18,#NewYork #students need #math resources for #remotelearning! $83 left to #MakeItHappen! Lets #SpreadTheWord to get them what they need! https://t.co/1shvJnhUwj #education #KidsDeserveIt @NewYorker @NewYorkLife https://t.co/KIu29guuo2,North Carolina,nc_teachers,0,0,2021-01-13 23:46:18,233,tools,neutral
207,5fff86850b7de2d33c3f7a80,1.34950329423908e+18,Finishing up our expository writing unit with ‚ÄúHow To‚Äù presentations today and thanks to remote learning one of our students was able to show us the basics of puck handling and scoring goals in ice hockey on his home net. Today was definitely a ‚Äúwin‚Äù in education.,"Middleboro, MA",coachbotelho,0,0,2021-01-13 23:47:12,264,tools,positive
208,5fff86cc0b7de2d33c3f7a81,1.34950358901058e+18,@SkiMCP @bayareagirl2012 @Elex_Michaelson You can either be ‚Äúpoor and uneducated‚Äù or you can sit on Twitter and cry about your kids remote learning and you not working.,"Norton, Ohio",brandonsparks1,0,0,2021-01-13 23:48:22,168,tools,negative
211,5fff87df0b7de2d33c3f7a86,1.34950474389535e+18,"RT @andrewdkaufman: If you‚Äôre looking for software and services to augment online and blended instruction this year, start here. 

Free Res‚Ä¶","New Mexico, USA",RockWayPress,0,0,2021-01-13 23:52:58,140,tools,positive
212,5fff88100b7de2d33c3f7a88,1.34950495176086e+18,"And low expectations from the outside are common. So to all of those who say no learning is going on during remote learning, I say that is FALSE. The teachers, students, parents and caregivers have risen to the occasion and deserve a lot of credit. As before the pandemic,",Oklahoma,sstorey331,0,0,2021-01-13 23:53:47,272,tools,negative
215,5fff897b0b7de2d33c3f7a8b,1.34950647291324e+18,"If you haven‚Äôt checked out https://t.co/1kSmQ5GbAz you are missing out! Great tools to engage students in remote, hybrid, or in-person learning! So much more than a whiteboard! The link to download this graphic is in the comments! @WhiteboardChat #hybridlearning #AppleEDUchat https://t.co/d0Gg9MuaDi","Albuquerque, NM",AprilRequard,0,0,2021-01-13 23:59:50,300,tools,positive
225,5fff8b5c0b7de2d33c3f7a97,1.34950848894751e+18,RT @chicagotribune: CPS made good on its promise to cut off pay and access to remote learning platforms for teachers who refused to show up‚Ä¶,MN,mariejuliet392,0,0,2021-01-14 00:07:51,140,tools,positive
226,5fff8bb80b7de2d33c3f7a98,1.34950887538964e+18,RT @FahertyWSOC9: Morganton- riding the bus as Burke County schools deliver thousands of meals to students across the area.   They are taki‚Ä¶,"North Carolina, USA",msChildress3904,0,0,2021-01-14 00:09:23,140,tools,neutral
234,5fff8d540b7de2d33c3f7aa0,1.34951060542675e+18,"RT @shinynew_oz: Some years ago I went through multiple failed IVF rounds. Grieving, I told my boss that I wanted to ease off on my career‚Ä¶","Washington, USA",funjon,0,0,2021-01-14 00:16:15,139,tools,negative
236,5fff8e010b7de2d33c3f7aa2,1.34951132963217e+18,@JaybartoloJay They should try that reverse remote learning. Kids are in school but teacher teases the class from home and it's presented on a projector screen in the class,"Camillus, NY",CuseWaterBoy,0,0,2021-01-14 00:19:08,172,tools,negative
237,5fff8e0b0b7de2d33c3f7aa3,1.34951137098802e+18,"A3
I think popular topics are distance learning remote teaching student engagement diversity equity and social emotional learning #EVERFIedchat","Pennsylvania, USA",MrsEngler1,0,0,2021-01-14 00:19:18,143,tools,positive
242,5fff90540b7de2d33c3f7aa8,1.3495138234395e+18,"üëÄ Looks like remote learning will be with us a bit longer üò© We can send you a blazing-fast PRE-CONFIGURED Wi-Fi 6 certified setup, with everything you need to get you up and running fast. Learn more https://t.co/absyQupsLu #WhyReboot #WiFi6 #AccessPoints #FlushMount #WhyReboot https://t.co/O7shUSGSBl","Miami, Fl",WhyReboot,0,0,2021-01-14 00:29:02,301,tools,positive
243,5fff906c0b7de2d33c3f7aa9,1.34951392454319e+18,RT @sheathescholar: some of my most brilliant students struggled to follow school policies aimed at controlling their movement and expressi‚Ä¶,"Virginia, USA",Sra_DJGC,0,0,2021-01-14 00:29:27,140,tools,positive
244,5fff908d0b7de2d33c3f7aaa,1.34951406366827e+18,"‚ÄúIt‚Äôs just so amazing ...‚Äù Jordan-Matthews senior Jacquelinne Marroquin Tobar told the News + Record. ‚ÄúNo, (remote learning‚Äôs) not my thing, but it gives time and opportunities to do many things.‚Äù

https://t.co/vRVtMY29uG","North Carolina, USA",ChathamNR,0,0,2021-01-14 00:30:00,221,tools,positive
247,5fff91510b7de2d33c3f7aae,1.34951488555892e+18,"RT @edutopia: What do you do to make remote learning feel more personal? These tips will help draw in your students.
https://t.co/2xJianhy4X","New York, USA",HumbertoEduca,0,0,2021-01-14 00:33:16,140,tools,positive
248,5fff91960b7de2d33c3f7ab2,1.34951517557407e+18,My first grader made a puppet show at home today for remote learning in reading using a favorite character/book. He worked really hard on it and had a lot of fun! Our teachers are the best! #WEareLakota @The_Pigeon https://t.co/YRYg19p1i0,"Ohio, USA",emeleanor,0,0,2021-01-14 00:34:25,238,tools,positive
249,5fff92690b7de2d33c3f7ab4,1.34951606056375e+18,RT @MichelleCullot1: Really looking forward to facilitating ‚ÄúReady for Remote Maths‚Äù tomorrow. An opportunity for teachers to connect with‚Ä¶,"moneygold, Grange, Co. Sligo",CarnsSchool,0,0,2021-01-14 00:37:56,139,tools,positive
250,5fff938c0b7de2d33c3f7ab5,1.34951728033034e+18,"RT @MsKBurke1: Hi all, I've created this video of useful tips that I have learned for managing live lessons üé• during remote learning using‚Ä¶","Texas, USA",jaymej,0,0,2021-01-14 00:42:47,139,tools,positive
253,5fff957d0b7de2d33c3f7abb,1.34951936402698e+18,RT @jacklyngbrandt: We miss our Tigers! So excited to open our doors and welcome students and staff back to @IndianTrailScho on 2/1 üß°üíô #112‚Ä¶,"Illinois, Chicago Suburbs",mikelubelfeld,0,0,2021-01-14 00:51:03,140,tools,positive
254,5fff96950b7de2d33c3f7ac0,1.34952053883057e+18,"RT @AaronGenest: An employee came to me last week and asked to move to 80% time. Her husband, she said, was taking on some extra responsibi‚Ä¶","Norman, Oklahoma",jmwolfinbarger,0,0,2021-01-14 00:55:43,140,tools,neutral
255,5fff96a40b7de2d33c3f7ac1,1.34952060278954e+18,Gov. Ned Lamont said his administration will be pushing private companies to expand broadband access across Connecticut to help remote learning for education and spur economic development. https://t.co/gSSA4FpB20,"Hartford, Connecticut",hartfordcourant,0,0,2021-01-14 00:55:59,212,tools,positive
258,5fff97410b7de2d33c3f7ac5,1.34952126173983e+18,"RT @AprilRequard: If you haven‚Äôt checked out https://t.co/1kSmQ5GbAz you are missing out! Great tools to engage students in remote, hybrid,‚Ä¶","Wisconsin, USA",FelecityTreptow,0,0,2021-01-14 00:58:36,140,tools,positive
262,5fff99780b7de2d33c3f7acb,1.34952363831217e+18,"RT @Kareemfarah23: Some reasons a certain portion of kids are thriving during remote learning:

1. Freedom to be self-directed learners
2.‚Ä¶","Washington, DC",JimReesePZ,0,0,2021-01-14 01:08:02,139,tools,positive
264,5fff9a408febc50589d79730,1.34952447895976e+18,"The state's top education official called the decision to keep Pawtucket students remote for the remainder of the school year ""disturbing."" @AshCullinane has the story. https://t.co/BXvNSvCgl5","Providence, Rhode Island",NBC10,0,0,2021-01-14 01:11:23,192,tools,negative
265,5fff9a838febc50589d79731,1.34952475946223e+18,"@ernietedeschi Yep, the other groups are holding steady or shrinking. Women are leaving the labor force. Care for others has got to play a role here. Not that my kids have been on remote learning for nearly a year.",Washington DC,KimberlyBurham,0,0,2021-01-14 01:12:30,214,tools,positive
268,5fff9c3f8febc50589d79734,1.34952662318432e+18,"#Jeffco schools now claims that ""F"" grades are declining under remote learning. Not surprising given their desperate desire to hide learning losses. That they're also fighting against standardized assessments (which would show learning losses) speaks volumes. #edcolo #copolitics","Colorado, USA",73Newport,0,0,2021-01-14 01:19:54,279,tools,negative
272,5fff9e118febc50589d79738,1.34952857503314e+18,"A3 I think seeing the adults in their lives struggle with remote learning, tech challenges and working from home have helped learners see the power of growth mindset first hand. Sometimes we give in but don‚Äôt give up and keep on problem solving. #NearpodChat https://t.co/ByY9E4JTXX","Miami, FL USA",place_s,0,0,2021-01-14 01:27:39,282,tools,positive
274,5fff9ea18febc50589d7973a,1.34952917902121e+18,We are reaching a breaking point. I am so thankful for my district and their commitment to health and safety. They made it a priority to make remote learning work and acted on that. They didn‚Äôt ignore the impact of a pandemic on students and staff like so many others have...,"Peoria, Arizona",MrsGPhysics,0,0,2021-01-14 01:30:03,275,tools,positive
277,5fffa25d8febc50589d7973e,1.34953318996292e+18,New resource from @LearningAccel: How can teachers keep students engaged in hybrid and remote learning? With real-world examples from schools across the country: https://t.co/opJEf74L4T #edtech #edtechchat #edchat,Connecticut and Florida,s_bearden,0,0,2021-01-14 01:46:00,213,tools,positive
278,5fffa3418febc50589d7973f,1.34953414519891e+18,"@rpbeatty Yes actually, all of those things are far better than what you are helping perpetuate. If you prefer to have kids in the building, have kids in the building. Research and data would be on your side, and you can start rebuilding from the damage already done https://t.co/OfW8S3XzWS","Kansas City, MO",IAmTheActualET,0,0,2021-01-14 01:49:48,290,tools,positive
281,5fffa9338febc50589d79746,1.34954052964665e+18,"@leahvalise It‚Äôs only 7:15 in Colorado! I‚Äôm awake, but heading to slumber soon! Been a long day! Up at 5. Go and ‚Äúroom monitor‚Äù 8 yr. old grandson during remote learning. But so happy I am able to do this. I pray the kids go back to school soon. I‚Äôll never forgive trump for cause this.","Lakewood, CO",lynnreeh,0,0,2021-01-14 02:15:10,286,tools,positive
284,5fffab198febc50589d7974a,1.34954257072514e+18,"@ColleenHroncich That won‚Äôt work for my family long term, but I know homeschooling can be fantastic. When people refer to remote learning as ‚Äúhomeschooling‚Äù, I‚Äôm the first to say this is NOT homeschooling.",NYC,morahjen,0,0,2021-01-14 02:23:16,205,tools,positive
286,5fffac1b8febc50589d7974c,1.34954365083797e+18,"Our teachers deserve to be vaccinated before returning to schools and remote learning needs to be a better option for everyone. Please help us keep @DPSNewsNow and @jaredpolis accountable for safety and access to learning in DPS. Sign this petition now!

https://t.co/jXJI2hOLzF","Denver, CO",hermelaeva,0,0,2021-01-14 02:27:34,278,tools,positive
287,5fffad8f8febc50589d7974d,1.34954520973929e+18,@BCEANJEA why are students being told they have to take the psat in person(less than two weeks notice) during a pandemic where all remote learning is in place or they will be put in basic skills next year? Has everyone tested negative students/staff included?,New Jersey,rugrat9179,0,0,2021-01-14 02:33:45,259,tools,negative
288,5fffadce8febc50589d7974e,1.34954547696259e+18,"I'm attending a webinar by the Front Range 6 Meter Group, learning about remote operation from VA3MW. This has been an amazing lockdown ‚Äî so much more access to information. Hams figured it out. https://t.co/4JEiuRHAJE","Grapevine, Texas (DFW Area)",k5nd,0,0,2021-01-14 02:34:49,218,tools,positive
289,5fffae758febc50589d7974f,1.3495461746473e+18,@NJEA why are students being told they have to take the psat in person(less than two weeks notice) during a pandemic where all remote learning is in place or they will be put in basic skills next year? Has everyone tested negative students/staff included?,New Jersey,rugrat9179,0,0,2021-01-14 02:37:36,255,tools,negative
290,5fffb0528febc50589d79750,1.34954817717999e+18,"@MdMmiah @abarrallen I get that notion and agree with you regarding remote education.  Not ideal for kids.

However, kids will go back to in-person learning.  Therefore remote work will become much easier for parents, who no longer have the burden of having to balance work and childcare.",Hawaii,Zimvesting,0,0,2021-01-14 02:45:33,288,tools,negative
291,5fffb0d98febc50589d79751,1.34954874155299e+18,Just met one of my students in person today and it felt...... so strange. Zoom.... ain‚Äôt it..... remote learning? ain‚Äôt it......,"Manhattan, NY",mirushx,0,0,2021-01-14 02:47:48,128,tools,negative
292,5fffb2038febc50589d79753,1.34954999265513e+18,CPS makes good on promise to cut off pay and access to remote learning platform for teachers who‚Äôve refused to show up for in-person classes https://t.co/n8gOVAVy14,Windy City,TonyOnti,0,0,2021-01-14 02:52:46,164,tools,positive
293,5fffb2398febc50589d79756,1.34955022145846e+18,The first public speaker is a 2nd grade remote teacher at Westlake Elementary. She expresses her concern over the safety of returning to in-person instruction with the rising COVID cases. She states that the district should return to remote learning.,Newbury Park High School ,NPProwler,0,0,2021-01-14 02:53:40,250,tools,positive
295,5fffb3858febc50589d7975a,1.3495516135649e+18,"Just means their basketball teams can go 3-0 with the regular season they do have and take the top seed in the open tournament with their ""undefeated"" record.",New Hampshire,jduballsports,0,0,2021-01-14 02:59:12,158,tools,positive
299,5fffb5338febc50589d79762,1.34955341583616e+18,"Johnson moved here in 1972 and teaches at his alma mater. He said his students are traveling and getting sick. He said a temperature check at the gate is useless and teens are not following health protocols. He advocated for remote learning. ""The numbers are the numbers.""","Thousand Oaks, CA",ReporterDawn,0,0,2021-01-14 03:06:22,272,tools,negative
301,5fffb6318febc50589d79764,1.34955448184388e+18,@averyteach It was crazy and windy today. I had to head home from eSchool early in the day because our power got knocked out. That doesn't work well for remote learning #IDedchat,"Coeur d'Alene, Idaho",TeacherWithTuba,0,0,2021-01-14 03:10:36,178,tools,negative
302,5fffb6328febc50589d79765,1.34955448348789e+18,"Young said remote learning does't offer the same opportunities &amp; there are no substitutes for in-person learning. She said remote learning invites indifference on both sides of the screen, but in-person learning sparks engagement. Many of her colleagues feel 100% safe in person.","Thousand Oaks, CA",ReporterDawn,0,0,2021-01-14 03:10:37,283,tools,positive
307,5fffb8688febc50589d7976a,1.34955685946041e+18,"Casey Daniels requests that the district ""stick their course"" for reopening. She believes that remote learning is detrimental for students and that the district is keeping classrooms safe. ""Teachers, we need you in the classroom. It is critically essential,"" she says.",Newbury Park High School ,NPProwler,0,0,2021-01-14 03:20:03,268,tools,positive
308,5fffb8c08febc50589d7976b,1.3495572257869e+18,"@GagneMichel @euqinimodart Technically this has my current Animation reel in it. Still learning toonboom unfortunately

https://t.co/7vLT0G5GSr",Louisiana,SillyNakkers,0,0,2021-01-14 03:21:30,143,tools,negative
309,5fffb8fb8febc50589d7976c,1.34955747470209e+18,Just another shout out for my awesome teachers and staff making remote/virtual learning successful! @DavisburgEl #BronchoPride,Southeast Michigan,denisekott,0,0,2021-01-14 03:22:30,126,tools,positive
310,5fffb98d8febc50589d7976e,1.34955808697381e+18,"She said with the health protocols in place, being with a teacher is more valuable than keeping her daughter at home, but she supports remote learning for families who need it.","Thousand Oaks, CA",ReporterDawn,0,0,2021-01-14 03:24:56,176,tools,positive
311,5fffb99a8febc50589d7976f,1.34955814281683e+18,"The eleventh speaker is a parent. She comments upon the lack of engagement in remote learning and the difficulty for her child to keep up. As an essential worker, she says it is ""so hard"" for her family to lose child care and remain remote.",Newbury Park High School ,NPProwler,0,0,2021-01-14 03:25:09,240,tools,negative
312,5fffba618febc50589d79771,1.34955897630891e+18,If you're wondering how remote learning is going here in LA (along with everything else) the answer is: very bad. https://t.co/3qWDXWyFlj,LA,SeeJaneMarie,0,0,2021-01-14 03:28:28,137,tools,negative
314,5fffbb898febc50589d79774,1.34956021722313e+18,"The last speaker is a parent of CVUSD students. He states that his four children were very active in activities until remote learning. As a new family, he says he doesn't have the same connections within the community and he is very concerned for his children's wellbeing.",Newbury Park High School ,NPProwler,0,0,2021-01-14 03:33:24,272,tools,positive
315,5fffbd668febc50589d79776,1.34956221929876e+18,$223 will give my students books that I can deliver during remote learning &amp; a friendship celebration that they deserve @DonorsChoose I'd love your help @craignewmark @StanLevenson @matthewcordaro1 @AvasMomTeaches @gatesfoundation @krazy_4_kinder @Rippleon https://t.co/N45LTCoo6V,"New Jersey, USA ",AngelaHilse1,0,0,2021-01-14 03:41:21,284,tools,positive
317,5fffbdfc8febc50589d79778,1.3495628470475e+18,Trustee Sylvester asks if high school students are changing to remote due to COVID concerns or if it is because they enjoy remote learning more.,Newbury Park High School ,NPProwler,0,0,2021-01-14 03:43:51,144,tools,positive
320,5fffc1ca8febc50589d79781,1.34956693516444e+18,"After a semester heavily dependent on remote learning, educators are working to bring more students back to classrooms and have improved their virtual learning platforms for students who still work from home. https://t.co/2OxBJt2nWg","Galveston County, TX",GalvNews,0,0,2021-01-14 04:00:05,232,tools,positive
321,5fffc1f88febc50589d79782,1.34956712647488e+18,"McLaughlin explains that deciding between learning models has been difficult for students, especially given uncertainty about how flexible it is to toggle between blended and remote mid-semester. https://t.co/vE9Z7R68dL",Newbury Park High School ,NPProwler,0,0,2021-01-14 04:00:51,219,tools,negative
322,5fffc22e8febc50589d79783,1.34956735283325e+18,"@AaronGenest 
You Sir, are one helluva GREAT BOSS !! I'm sure, like myself, reading this infuriated me until I read the entire thread. It is a teriffic read, wonderful story of a great human being doing great things for other human beings. You are an inspiration! Thank you!","Ohio, USA",primkeeping,0,0,2021-01-14 04:01:45,274,tools,positive
324,5fffc4f88febc50589d79787,1.34957034692458e+18,"@AnAlbumCover6 @iamhappycamper @lashivness @softboyuk Like maybe those teachers should get a permanent remote job. We should, at the very least, be able to connect kids who want to return to in person learning with willing teachers, and connect everyone who wants to continue distance learning","California, USA",mrsmalfoy,0,0,2021-01-14 04:13:39,293,tools,positive
329,5fffcbd38febc50589d7978f,1.34957770680405e+18,@luckysbaggage @SenatorBenson @EducationMN My mother teachers at a Catholic School and they're doing remote learning after the bus driver caught covid and every kid on his bus has to be quarantined so... Ya.. private schools aren't immune,Minnesota,WatchYourRepsMN,0,0,2021-01-14 04:42:53,238,tools,negative
331,5fffcc518febc50589d79791,1.34957823715698e+18,"A deadly windstorm has left thousands in the dark Wednesday night, prompting the Medical Lake School District to cancel classes (including remote learning) on Thursday.¬† https://t.co/1kC4EX8TvC","Spokane, Washington",kxly4news,0,0,2021-01-14 04:45:00,193,tools,negative
332,5fffcf4d8febc50589d79795,1.34958144100125e+18,"@PhilKabler Phil, it appears the boe meeting is enforcing in person schooling with remote learning no longer being a possibility.  Virtual learning is an option or blended with 2 days a week in person and it is overriding what the counties want to do? Can this be done or can the","Morgantown, WV",necrome99,0,0,2021-01-14 04:57:44,279,tools,negative
335,5fffd1578febc50589d79798,1.34958362943378e+18,"Miller said there are 238 students currently attending class on campus because they have a disability that makes it hard to access remote learning. Over 1,400 English learners are also on campus as well as 110 students with unstable housing situations. https://t.co/36i0znSybK","Thousand Oaks, CA",ReporterDawn,0,0,2021-01-14 05:06:25,276,tools,negative
337,5fffd7f08febc50589d7979a,1.34959071348335e+18,Yes! Any district that is still fully remote needs to protest. The week before or the week after February break would be a perfect time for this. Just an extended break. Let all the students be truant for the week and alert any media contacts.,"Massachusetts, USA",AlexisKat6,0,0,2021-01-14 05:34:34,243,tools,positive
338,5fffdb198febc50589d7979c,1.34959410782436e+18,Gauntlet dropped. Our new more progressive board basically told they have to go against @GavinNewsom orders if they want to vote to go back to remote learning. All in this position because schools reopened in early November just before rules were changed.,Thousand Oaks Acorn,KyleBJorrey,0,0,2021-01-14 05:48:04,255,tools,positive
339,5fffdb428febc50589d7979d,1.3495942812085e+18,Fitzgerald said she doesn't want to minimize the issues with remote learning and mental health. She said it's going down a dangerous path to second guess public health experts.,"Thousand Oaks, CA",ReporterDawn,0,0,2021-01-14 05:48:45,176,tools,negative
341,6000634bcf51af50fdb85d29,1.34974034541277e+18,We are looking for a ùêñùê¢ùê¨ùêúùê®ùêßùê¨ùê¢ùêß ùê≠ùêûùêöùêúùê°ùêûùê´ to join us at the 2021 Virtual Renewable Energy Education Summit who is interested in shaping the future of K-12 energy education. The summit is on February 4th. @KidWind_Project  https://t.co/QFv0bNp0Xm,"Wisconsin, USA",KEEPprogram,0,0,2021-01-14 15:29:09,242,tools,positive
342,60007f25cf51af50fdb85d2b,1.34977025188225e+18,"K-12 @NYCSchools teachers: take your students to a museum for free without leaving home or school! Register for a live virtual field trip covering LGBTQ+ history, culture, or civil rights. The first 50 schools to register have priority: https://t.co/8szDeUXUL7 https://t.co/SmswpFpWAF","New York, NY",servicenschools,0,0,2021-01-14 17:28:00,284,tools,positive
343,60008a646761f71ce261f1ca,1.34978232643218e+18,"We're getting many inquiries about the COVID vaccine. Providence is working with health authorities to provide the vaccine when it's available. Starting Jan. 23, the governor is making vaccines available to 65+, child care providers &amp; K-12 educators. https://t.co/tTFe4OHcI6 https://t.co/YLmCG63Rvl",Oregon,ProvHealth,0,0,2021-01-14 18:15:59,302,tools,positive
344,60008a696761f71ce261f1cb,1.34978235009644e+18,"Latest newsletter for #Michigan #science #teachers - great teacher PD programs, lots of climate science teaching support and new ONLINE student field trip programs.  #KBSK12  Our team: @Elizethcm @KE_Jaynes @joelyndelima, Misty Klotz -@KelloggBioStn @KBSLTER  @KelloggBirdSanc","hickory corners, mi",KaraHaaSciEd,0,0,2021-01-14 18:16:04,276,tools,positive
345,60008a976761f71ce261f1cc,1.34978254223331e+18,"Subscribe to our Fresh Ideas for Teaching podcast where we spotlight stories from educators, authors, and more to find out what's working in K-12 education. Listen on Apple podcasts: https://t.co/1qJhlyvXDF or find us on Google or Spotify today. #edchat #teacherlife #edleaders https://t.co/FkB0N0ZqXC",New Jersey,SerhatNicole,0,0,2021-01-14 18:16:50,301,tools,positive
346,60008aa16761f71ce261f1cd,1.34978258381135e+18,"Phoenix Public Library is hosting a virtual art exhibit in February 2021 to celebrate Black History Month! Young artists in grades K-12 are invited to draw an important person or event celebrating the African American experience.

Learn more --&gt; 
https://t.co/FBcCKfxuLU","Phoenix, Arizona",readbetteraz,0,0,2021-01-14 18:17:00,273,tools,positive
349,60008addc10a42429b164909,1.34978283592269e+18,The HSK staff is absolutely cleaning these rooms once COVID+ guests checkout. There are protocols in place but not robust enough to make me feel safe IMO. &amp; line staff is surely intermingling with the city provided staff.,NYC,C0C0__SHANEL,0,0,2021-01-14 18:18:00,225,tools,positive
351,60008aedc10a42429b16491a,1.34978290158432e+18,Sorry Doctor rant. Even before Covid this was an issue. If one of my kids isn't feeling well and I feel a doc visit is needed I call to book an app.   Olden days kids would get squeezed in either with fam doc or other in clinic.  Now told to go to a walk-in and doc app are ...1/,"Vancouver, BC",CrunchyCarpets,0,0,2021-01-14 18:18:16,279,tools,negative
353,60008aeec10a42429b16491e,1.34978290566969e+18,"The Spartans have done a good job of staying COVID-negative. They've now had to postpone two games this week. 
https://t.co/TCaZBNZScv","Lansing, MI",kellanbuddy,0,0,2021-01-14 18:18:17,134,tools,positive
356,6000928812bcd091881a4d5d,1.34979107039002e+18,We hope that DC;s plans to offer the vaccines to early educators and K-12 educators are actually implemented.,Washington dc,dcelccollab,0,0,2021-01-14 18:50:43,109,tools,positive
357,600093b712bcd091881a4d62,1.34979233995967e+18,"@KamalaHarris @JoeBiden It remains safe &amp; reasonable to open schools K-12 and my clinical experience along with recent US CDC &amp; reports from the UK &amp; Sweden back the school re-opening provided masking, distancing, &amp; ventilation / mitigation strategies deployed - COVID in children is from their home","Mill Valley, CA",phelk0,0,0,2021-01-14 18:55:46,315,tools,positive
359,6000960612bcd091881a4d69,1.34979481685976e+18,"A Michigan K-12 Public School HVAC Assistance Program: Outline and Guidance webinar is scheduled for Feb. 3. 

Register here: https://t.co/FWjBcRZX9j",Michigan,MichiganEGLE,0,0,2021-01-14 19:05:36,149,tools,neutral
360,6000981412bcd091881a4d6b,1.34979702349149e+18,"Longer K-12 school year an option for closing ND pandemic learning gap. ""About 27% to 28% of students who tested on par with their grade level in fall 2019 tested below their grade level in fall 2020 in reading, writing and math,"" Baesler said. | INFORUM https://t.co/Y0IIKBip2v","Fargo, North Dakota",Thostenson,0,0,2021-01-14 19:14:23,278,tools,neutral
361,6000988712bcd091881a4d6c,1.34979750810959e+18,"With school districts and colleges reeling from COVID-19 impacts, @CAgovernor's initial budget proposal for next fiscal year includes record education funding for K-12 schools &amp; community colleges. https://t.co/4GeGE4Xlol",California,WeAreCTA,0,0,2021-01-14 19:16:18,225,tools,neutral
362,6000990812bcd091881a4d6e,1.34979804474143e+18,#PXU is excited to offer four COVID-19 vaccination Point of Distribution (POD) sites for K-12 educators in the PXU footprint. Sites will open on January 22nd and 23rd and registrations begin tomorrow. Please see the letter below from Dr. @chadgestson and our partners for more. https://t.co/5F5FfHfN0P,"Phoenix, Arizona",PhoenixUnion,0,0,2021-01-14 19:18:26,301,tools,positive
364,60009c8812bcd091881a4d73,1.34980180775372e+18,Click on the embedded link to learn all about the #DoodleForGoogle contest. Open to all K-12 students.,Virginia,moonlightmantis,0,0,2021-01-14 19:33:23,102,tools,neutral
365,60009df112bcd091881a4d77,1.34980332107536e+18,"@nearpod and @OshkoshSchools are now partners in creative digital design.  With Nearpod's @CanvasLMS integration, K-12 teachers will be able to create diverse, engaging lessons for all types of learners whether we are virtual, hybrid or face-to-face.","Oshkosh, Wisconsin",MrKohl106,0,0,2021-01-14 19:39:24,250,tools,positive
367,60009fc8ea6b89c2fd8a27a3,1.34980529448282e+18,@SchneiderESS can help K-12 leaders quickly secure &amp; maximize the use of stimulus $$ to enhance remote learning and improve the health of classrooms.  See how: https://t.co/85Zfx5GTMt,"Lakeland, Florida",AndrewApgar3,0,0,2021-01-14 19:47:15,187,tools,positive
370,6000a1cdea6b89c2fd8a27a6,1.34980746417111e+18,"K-12 grade students, we want to celebrate your academic accomplishments! 

Learn how you can be rewarded for your success in the classroom through Student Achievers powered by @AEPenergy 

Learn More: https://t.co/FgRAQpbfHV","Columbus, Ohio",CBJGivesBack,0,0,2021-01-14 19:55:52,224,tools,positive
371,6000a2cbea6b89c2fd8a27a8,1.34980852835411e+18,"In-person attendance will be optional for the Fort Smith School District's K-12 students Friday and Tuesday: 
https://t.co/ZgjSGWxKDA https://t.co/9uFXAElyU8",Northwest Arkansas,nwademgaz,0,0,2021-01-14 20:00:06,157,tools,neutral
373,6000a3ffea6b89c2fd8a27ab,1.34980982308546e+18,"#Arizona Gov @dougducey outlined vision for 2021 in his State of the State address, including: getting K-12 students back in #school, #broadband expansion, more access to #telemedicine, #water innovation, better #roads &amp; bridges. Read transcript &amp; watch https://t.co/3dSJfpSpHL",Denver,westgov,0,0,2021-01-14 20:05:14,285,tools,positive
374,6000a5ceea6b89c2fd8a27af,1.349811765111e+18,"@WR4NYGov @zachary1978 @sooffy @elonmusk Just for my understanding, so you are advocating for a better way, say every family pays their own way for their kids K-12 grade education? Just trying to understand what you are saying as I really like your Tesla YouTube videos.","California, USA",bill_selly,0,0,2021-01-14 20:12:57,270,tools,positive
377,6000a7d7ea6b89c2fd8a27b5,1.34981395054051e+18,I didn‚Äôt have a single teacher from k-12 that I couldn‚Äôt have learned better from khan academy if it existed,usa,Rand0mGuest2,0,0,2021-01-14 20:21:38,108,tools,positive
378,6000a89eea6b89c2fd8a27b6,1.34981478143644e+18,So excited to kick off HCS work to develop a k-12 systematic approach to grade repair and credit recovery processes. We have amassed a great team of district and school leaders to help us conceptualize this work! https://t.co/DKDLTpdBU2,"Georgia, USA",GoreNatalie,0,0,2021-01-14 20:24:56,236,tools,positive
380,6000a9e3ea6b89c2fd8a27b8,1.34981614748339e+18,"I hope that you align your #StartSmall giving to this goal @Jack, incl. increasing support to K-12 teachers to engage their students in more thoughtful global conversations &amp; collaboration. #globaled #teachSDGs","San Francisco, California",GlobalReady,0,0,2021-01-14 20:30:22,214,tools,positive
384,6000abcdea6b89c2fd8a27bc,1.34981820085955e+18,"Pennyrile Health Department Expects COVID Vaccine For K-12 Staff Next Week; Caldwell Conservation District Announces Essay Winner; VIDEO ‚Äì Kukahiko Says First Win Confidence Booster for Caldwell

https://t.co/vHGvIOyWrH https://t.co/yiN0G4FISt","Princeton, KY",wpkyonline,0,0,2021-01-14 20:38:32,243,tools,positive
