,0
0,USA
1,NJ
2,NC
3,INDIA
4,RI
5,MA
6,FL
7,MAHARASHTRA
8,MO
9,GA
10,TN
11,TX
12,IN
13,NV
14,NORTHERN NEVADA
15,UT
16,NY
17,NEVADA
18,CO
19,VA
20,COLORADO
21,AZ
22,KY
23,MAINLY
24,MD
25,MI   GLOBAL
26,SCOTLAND
27,CALIFORNIA
28,GURGAON NEW YORK BAY AREA CA
29,INDIANA
30,CA
31,DELHI
32,WASHINGTON DC
33,TEXAS
34,PA
35,GEORGIA
36,NIG
37,SOUTHERN CALIFORNIA
38,MAINE
39,CANADA
40,KS
41,PAKISTAN
42,DC
43,NEW DELHI
44,VIRGINIA
45,TX NEAR HOUSTON
46,NEW YORK
47,WI
48,IL
49,AL
50,MARYLAND
51,UTAH
52,MI
53,FLA
54,NORTH CAROLINA
55,OH
56,FLORIDA AND NEW YORK
57,GREATER NEW YORK CITY AREA
58,DEUTSCHLAND
59,MALAYSIA
60,VICTORIA
61,KENTUCKY
62,IOWA
63,UNIVERSITY OF CENTRAL FLORIDA
64,KANSAS
65,MN ENJOYS LEARNING AND PLAYING GLOBALLY
66,MN
67,ALABAMA
68,SCHWEIZ
69,ALBERTA
70,NEAR BIGGEST CITY
71,NEBRASKA
72,LA
73,NORTHEAST OKLAHOMA
74,WALES
75,NEW YORK NY
76,NEDERLAND
77,ARGENTINA
78,HAWAII
79,OR
80,UNITED STATES
81,PRESS BOXES
82,SOUTH CAROLINA
83,ME
84,ILLINOIS
85,NEW HAMPSHIRE
86,NEW SOUTH WALES
87,LAOS
88,WISCONSIN
89,CONNECTICUT
90,DEEP IN THE HEART OF TEXAS
91,UK
92,WV
93,OK
94,WA
95,FLORIDA
96,WESTERN COLORADO
97,PASCHIM VIHAR
98,IOWA WEST OF CHICAGO
99,CALIF
100,OREGON
101,WEST CENTRAL MINNESOTA
102,TEXAS STATE OF MIND
103,MICHIGAN
104,IA
105,GRANADA HILLS CALIFORNIA
106,MS
107,OHIO
108,SOUTH FLORIDA
109,ARIZONA
110,NM
111,DENVER
112,MERSEYSIDE
113,AR
114,NYX
115,MELBOURNE
116,NE ENGLAND
117,ARKANSAS TEXAN IN EXILE
118,ID
119,NORTHEAST OHIO
120,MASSACHUSETTS
121,WASITLOVE
122,MT
123,MARYLAND 20772
124,NEW YORK CITY
125,MANITOBA
126,NATION-STATE OF CALIFORNIA
127,MS MILKY WAY GALAXY
128,MICH
129,COLOMBIA
130,OKLAHOMA CITY
131,CT
132,SC
133,MT   BIG SKY COUNTRY
134,AK
135,TENNESSEE
136,US
137,OKLAHOMA
138,OKLA
139,CALIFORNIA 916
140,WARSAW INDIANA
141,TN 37996
142,NORTH DAKOTA
143,SOUTH FLORIDA AND MONTREAL
144,CENTRAL COAST OF CALIFORNIA
145,NEVER NO WHERE
146,CAMEROON
147,LONDON VIA FLORIDA   YORKSHIRE
148,SD
149,ALASKA
150,ZIMBABWE
151,IL - PSOLARZ@SD25ORG
152,CAGAYAN VALLE
153,NEW YORK   DRC
154,ONTARIO
155,SAN DIEGO CA TO TEXAS üá∫üá∏üá≤üáΩ
156,NE
157,WASHINGTON
158,SEATTLE WASHINGTON
159,MANILA
160,INDONESIA
161,ALBANIA
162,MINNESOTA
163,#ARIZONA
164,CALIFORNIA'S CENTRAL VALLEY
165,ND
166,NEVADA - STATEWIDE
167,CALIFORNIA ‚òÄÔ∏è
168,DC NORTH AMERICA
169,COATBRIDGE
170,COSTA RICA
171,MAROC
172,KOREA VIA VA VIA NEVADA VIA CA
173,COLORADO SPRINGS
174,NH
175,MONTANA
176,TN #CHA
177,96825 #HIKAI
178,HI
179,MD 20707
180,ACROSS TENNESSEE
181,NY 10031
182,NEW YORK CITY; SOUTH FLORIDA
183,MISSISSIPPI
184,NORTHERN VIRGINIA
185,DAVAO CITY
186,CALABARZON
187,MN 56554
188,EASTERN OREGON
189,CITY OF ANGELS - CALIFORNIA
190,C'MON FEEL THE ILLINOISE
191,UNITED STATES KENTUCKY
192,WILAYAH P
193,NE! üëç
194,NC ~ PLANET EARTH
195,CENTRAL TEXAS
196,KENTUCKY SENATE DISTRICT 17
197,MAINE AND FLORIDA
198,NOVA   MD
199,MISSOURI
200,UNIVERSITY OF ARIZONA
201,GEORGIA USA
202,NEW YORK METRO
203,NEW YORK AND WORLDWIDE
204,KANSAS CITY MO 64151
205,KANSAS CITY
206,VIRGINIA BEACH VA
207,AREA
208,SO CALIFORNIA   WORLDWIDE
209,SAN FRANCISCO - NEW YORK CITY
210,IRELAND
211,UNIVERSITY OF MINNESOTA
212,BOSTON - WASHINGTON DC - MAINE
213,NJ 07093
214,MADHYA PRADESH
215,VALENZUELA CI
216,WASHINGTON STATE
217,SILICON VALLEY - CALIFORNIA
218,NEW ENGLAND ‚Ä¢ SOUTH FLORIDA
219,33149
220,IDAHO   BEYOND
221,NL
222,NORTHERN CALIFORNIA
223,SOUTHWEST FLORIDA
224,LOUISIANA
225,NEW YORK   NEW JERSEY
226,NORTH TEXAS
227,NY 11753 US
228,CA 94080
229,NEW YORK   WASHINGTON
230,CA 90066
231,MORENO VALLEY CALIFORNIA
232,CALIFORNIA UNITED STATES
233,SOUTHERN CALIFORNIA NEWS GROUP
234,CENTRAL NEW YORK
235,KANSAS CITY METRO
236,PHILIPPINES
237,DE
238,CA   SKYPE!
239,TORONTO
240,WESTERN WASHINGTON
241,üå≤WASHINGTONüå≤
242,LATVIA
243,OAKLAND CALIFORNIA
244,NW ILLINOIS
245,#EAGLENEWSHAWAII
246,IOWA CITY AND NEW YORK
247,CENTRAL VIRGINIA
248,DC METRO AREA
249,WISCONSIN   ILLINOIS
250,MON-FRI
251,NEW JERSEY
252,VA   DC   UTK ALUMNI
253,WESTERN NORTH CAROLINA
254,SW FLORIDA
255,#ATHOME üè°
256,CA   THE WORLD
257,TEXAS :
258,MINNESOTAOR GREEN GABLES
259,CALIFORNIA‚ÄôS CENTRAL COAST
260,HELLHOLE
261,CA   LOS ANGELES
262,TREATY SIX
263,NORTHWEST MINNESOTA
264,ILE-DE-FRANCE
265,NOW TX!
266,SUNNY NORTHERN CALIFORNIA
267,SF BAY CALIFORNIA
268,PEOPLES REPUBLIC OF CALIFORNIA
269,RAYMOND MAINE
270,RI 02910
271,TEXAS BABY!
272,FL   MISSISSIPPI
273,UNITED STATES OF AMERICA
274,RIYADH 12241
275,90017
276,TEXAS LA NY
277,NORTHEAST FLORIDA
278,TEXAS   WASHINGTON DC
279,NEW ZEALAND
280,
281,PHOENIX ARIZONA
282,CA 93308
283,WEST VIRGINIA
284,MEDINA OHIO
285,CALFIORNIA
286,"AL- MY TWEETS REP MY PERSONAL VIEWS PODCAST- ""HOW TO GET TO WHY"" BY KTSIMMONS SEE PINNED"
287,MONMOUTHSHIRE
288,PRINCE GEORGES COUNTY MARYLAND
289,KANSAS CITY MISSOURI
290,VIRGINIA‚ÄôS FIRST DISTRICT
291,NORTH CENTRAL ALABAMA
292,VERMONT
293,LOYAL OKLAHOMA
294,NEPAL
295,METRO MANILA
296,HAWAII ISLAND
297,MIDDLE EAST
298,MINN
299,WASH
300,WEST MICHIGAN
301,QUEEN CREEK ARIZONA
302,NEW MEXICO
303,UNIVERSITY OF SOUTH ALABAMA
304,CA SILICON VALLEY
305,STATE OF MISSISSIPPI
306,NEW ENGLAND
307,SOUTH LOUISIANA
308,ARKANSAS
309,FORNEY TEXAS
310,BEAUTIFUL CALIFORNIA
311,CANADA üá®üá¶
312,GAZORKIUM
313,CA 95127
314,CA SACRAMENTO
315,NEW YORK STATE
316,CORAL GABLES FL ‚ûïWASHINGTON DC
317,83843
318,VA DC AREA
319,KY 40229
320,NORTHERN VA - COLORADO SPRINGS
321,NEW YORK CITY   WORLDWIDE
322,CENTRAL ILLINOIS
323,TX 77578
324,SAN DIEGO AND NEW YORK CITY
325,IND
326,MILTON KEYNES
327,CAMBODIA
328,OHIO CALI            üåäüåäüåäüåà
329,WASHINGTON THE STATE
330,SOMEWHERE IN CALIFORNIA
331,SW WASHINGTON STATE
332,WYOMING
333,KENTUCKY LAKE
334,CA AND ELSEWHERE
335,BAY AREA CALIFORNIA
336,ARIZ
337,MASS
338,LA-ISH
339,FLORIDA UNTIL TRAVEL IS SAFE
340,SOUTHERN MARYLAND
341,LA1 2TY
342,IDAHO
343,MOROCCO
344,UNIVERSE
345,CENTRAL CALIFORNIA
346,GRANITE BAY CALIFORNIA
347,IN THE SLITHY TOVES
348,CALIFAZTLAN
349,FL  CHILE A VECES
350,BEAUTIFUL PALM BEACH FLORIDA
351,MANAHOAC HOMELAND
352,GOBLIN CITY
353,LAS VEGAS
354,DALLAS TEXAS
355,DANI-CALIFORNIA
356,NE OHIO
357,BEAVERTON OREGON
358,CA 92211
359,TEXAS FOREVER
360,CALIFORNIA 95003
361,INLAND SOUTHERN CALIFORNIA
362,DC VIA ‚ò≠ REFUGEES
363,WASHINGTON DC AND JUPITER FL
364,CALIFORNIAüíõ
365,AZERBAIJAN
366,IL   DOWNERS GROVE IL
367,MEXICO
368,EL PASO TEXAS
369,NOT FLORIDA
370,CA MADE ME!
371,SOUTH CAROLINA - STATEWIDE
372,BOWIE MARYLAND
373,CALGARY
374,CANADA NOT ERA
375,WISCONSIN VIA CANADA
376,OR ORIGINALLY FROM TN
377,NCR
378,WESTERN WISCONSIN
379,NEW YORK STATE OF EDUCATION
380,TEXAS 78731
381,MONTANAüèîVEGAS‚ú®OCüåä~VIA NYCüóΩ
382,HAWAII   LAS VEGAS
383,NEW MEXCIO
384,MICHIGAN'S UPPER PENINSULA
385,TEXAS * WE‚ÄôRE GETTING BETTER *
386,VIETNAM
387,CALIFORNIA!
388,NY 11746
389,PALESTINE
390,FL {ORIG DETROIT}
391,CALIFORNIA GIRL
392,WY
393,WINNIPEG
394,OHLONE LAND
395,KITCHENER OHIO
396,SAN FRANCISCO CALIFORNIA
397,ST-PAUL MINNESOTA
398,ITALY AND CALIFORNIA
399,BOSTON
400,VT
401,FL 33029
402,LAGOS
403,MALAWI   MUST
404,FLORIDA VIA MICHIGAN
405,TX 75035
406,REPUBLIC OF ILLINOIS
407,INDIANAPOLIS
408,LONDON   NEW YORK
409,AKOBO IBADAN
410,ILL
411,ORIGINALLY FROM NH
412,DELAWARE
413,MIDDLE AMERICA
414,ATLANTA GEORGIA
415,TX AND STATEWIDE
416,OUTER SPACE AKA FLORIDA
417,MICHIGAN INDIANA OHIO
418,CAPE TOWN
419,PEOPLE'S REPUBLIC OF MARYLAND
420,PASIG CITY
421,NORTHWEST ILLINOIS
422,LAZIO
423,SUNNY SOUTH FLORIDA
424,MIDLANDS OF SOUTH CAROLINA
425,SOUTHWEST GEORGIA
426,CAMBRIDGE   BARCELONA
427,FL  34236
428,DC   CFC #12147
429,DENMARK
430,OFF CHEVRON
431,PAPUA NEW GUINEA
432,LEEDS   LONDON
433,HOLLYWOOD - FLORIDA
434,SYDNEY
435,SOUTHERN INDIANA
436,NN17 4AX
437,DESAI ROAD
438,IN 46738
439,SOUTH FLORIDA ‚òÄÔ∏èüåäüå¥
440,CALIFORNIA SOUTHLAND
441,INDIANA   ILLINOIS
442,SHANGHAI
443,NZ
444,UNIVERSITY OF CONNECTICUT
445,HYDERABAD ** FLORIDA
446,MALAWI
447,DARKEST COLORADO
448,NORTHWEST INDIANA
449,MUSCAT
450,PORTAGE INDIANA
451,VA AND BEYOND
452,PROBABLY
453,BARNHART MISSOURI
454,SOUTH BEND INDIANA
455,29301
456,SWEDEN
457,NIGERIA
458,60527
459,WESTERN ILLINOIS UNIVERSITY
460,2990 W 71ST ST INDIANAPOLIS
461,UNIVERSITY OF MISSISSIPPI
462,GABON
463,BEIJING
464,PORTLAND OREGON
465,MACEDONIA
466,DUBLIN AND NEW YORK
467,LONDON AND NEW YORK
468,OH ‚ù§Ô∏è IN KENTUCKY
469,AL KHOBAR
470,UAE
471,NYC
472,AZ+ANYWHERE W WIFI
473,STATE OF INDIANA
474,NORTHEAST OHIO US
475,WAUKEGAN
476,UNIVERSITY OF NORTH TEXAS
477,OHIO 44319
478,TERRE HAUTE INDIANA
479,OWERRI NIGERIA
480,AUSTRALIA
481,SUNNY FLORIDA
482,GREATER WASHINGTON DC
483,CHICAGO ILLINOIS
484,NEWCASTLE
485,CHINA
486,COLO
487,SUNNY SOUTHERN CALIFORNIA
488,LONDON
489,IKEJA
490,GA  NATIONAL
491,GERMANY
492,UTTAR PRADESH
493,HOLLYWOOD FLORIDA
494,THE OHIO STATE UNIVERSITY
495,MAINE SOUTH HIGH SCHOOL
496,OHIO **** NO DM'S *****
497,NEW YORK   PENNSYLVANIA
498,63141
499,AZ #DTPHX
500,NWOHIO
501,VA 23502
502,GA 30224
503,TEXAS WOMAN'S UNIVERSITY
504,LAGOS NIGERIA
505,WILTSHIRE
506,COLUMBIA
507,MARGATE
508,IL 60506
509,FRANCE
510,SHE HER
511,OR ‚Ä¢ SHE HER
512,5566 W WASHINGTON BLVD 90016
513,CONTEXTS
514,MAHARASHTRA 400708
515,DE1 1FR
516,MICRONESIA
517,"VAST"""
518,FL DUUUUUVAAALLL
519,VIENNA
520,MILAN AND A LOT MORE!
521,CORNWALL
522,WARWICKSHIRE
523,NE OHIO FLOATING THROUGH SPACE
524,COLUMBUS OHIO
525,MAINLY NY
526,GREATER KANSAS CITY
527,WESTERN MASSACHUSETTS
528,NY 10451
529,NEW BRUNSWICK
530,WASHINGTON METRO AREA
531,MIDDLESEX
532,CO KILDARE
533,CA 90241
534,OH 45701
535,UNITED KINGDOM
536,ANYWHERE
537,FRESNO
538,AUSTIN AND NORTH TEXAS
539,WASHINGTON DC METRO AREA
540,CITY UNIVERSITY OF NEW YORK
541,MIDVALLEY
542,TX 75116
543,SIERRA NEVADA NEAR YOSEMITE NP
544,MARCHE
545,SAINT LOUIS MISSOURI
546,NEW YORK CITY AND SCOTTSDALE
547,SWEET HOME ALABAMA
548,NOWHERE -ROUGHLY IN THAT ORDER
549,LANCASHIRE
550,TEXAS REPUBLIC
551,COLUMBUS OH
552,WESTFORD MASSACHUSETTS
553,NEW YORK   SYDNEY
554,MOSTLY
555,6007
556,NEVER THERE
557,ILL ANNOY
558,UNIVERSITY OF SOUTH CAROLINA
559,DC AREA
560,TEXAS üá∫üá∏
561,CAMBS   PETERBOROUGH
562,PAMPANGA
563,TX 77072
564,WISC
565,CAMPANIA ITALY
566,BULLITT COUNTY KENTUCKY
567,MILWAUKEE
568,NEXT TO SEA
569,MN 55364
570,ROUND ROCK TEXAS
571,THE SPACE COAST OF FLORIDA
572,CA:
573,UTTAR PRADESH 201304
574,DELRAY FL
575,WAKE COUNTY NORTH CAROLINA
576,MANHATTAN
577,CHICAGO IL
578,MAU NATH BHANJAN
579,CO DURHAM
580,FL 32801
581,MISSOURI   ARKANSAS
582,IDAHO - #NOMASKS
583,6TH WORLD CULTURES GEO TEXAS
584,OH AND WORLDWIDE
585,TX   AGUALEGUAS NL
586,CHELSEA ALABAMA
587,LONG ISLAND ‚Äî NEW YORK
588,CAVITE
589,MARS
590,CA 94577
591,CANADA STOREüëá
592,NEW YORK UNITED STATES
593,KENTUCKY   SOUTHERN INDIANA
594,MIAMI
595,SI
596,CA - EVERYWHERE
597,GEORGIA SOUTHERN
598,CEBU
599,THE STATES
600,ALBERTA  AMISKWACIY
601,TODAS
602,ANN ARBOR
603,PACIFIC NORTHWEST
604,ALBERTA   #YOURAGA
605,ARMY SINCE 02 11 14
606,TEXAS 78249
607,MINDORO
608,INDE
609,VIZAG
610,CORDILLERA ADMIN REGION
611,DEERFIELD B
612,EAST TENNESSEE
613,WALTON
614,DRAIN HOLE OF TENNESSEE üá∫üá∏
615,MARLOW
616,TEXAS STATE UNIVERSITY
617,VALENZUELA CITY
618,BRONX NEW YORK
619,SOUTHERN CALIFORNIA   NYC
620,RURAL TEXAS
621,NEW HORIZONS
622,MY PARENTS LIVE IN OHIO ìãπ
623,OKLAHOMA STATE UNIVERSITY
624,NJ 07088
625,TEXAS TECH UNIVERSITY
626,AZ üåµ
627,TEXAS  2149441985
628,TEXAS 214-944-1985
629,CASCADIA
630,OHIO STATE - FLAVORTOWN CAMPUS
631,NORTHERN AND CENTRAL VIRGINIA
632,WEST TEXAS
633,EAST ALABAMA
634,TEXAS ‚úàÔ∏è THE WORLD
635,APPALACHIA OHIO
636,KENTUCKY USA
637,NY :
638,NEW YORK CITY ‚úàÔ∏è SEATTLE
639,MESA ARIZONA
640,IOWA   SHE HER
641,PAKISTAN03035099337
642,MN   GLOBAL
643,VA 23517
644,NC 28504
645,MOBILE ALABAMA
646,MORELOS
647,78664
648,WILAYAH PERSEKUT
649,NEB
650,UNIVERSITY OF TEXAS @ AUSTIN
651,NORTH CAROLINA STATE UNIVERSITY
652,BLM
653,17
654,NY üè≥Ô∏è‚Äçüåà
655,S INDIANA
656,MIMAROPA
657,NEW YORK!!!
658,SOUTHERN OHIO
659,TN ‚ù§Ô∏è‚ù§Ô∏è901
660,OR IOWA
661,MINOR ‚ú°
662,NEWFOUNDLAND
663,MINOR
664,GAIUS CHAU'S PRISON CELL   CALIFORNIA üòéüòàüíîüíúüåπüî™ !
665,ALBERTA CANADA
666,COSTA MESA CALIFORNIA
667,MEXICO CITY
668,LOUISIANA HOE
669,EAST TEXAS
670,MICHOAC√ÅN DE OCAMPO
671,NY 10034
672,80116
673,SANDFORD FLORIDA
674,ARMY - NAMJOON ‚ú©
675,ILOCOS SUR
676,COC COMPOUND
677,FLORIDA -ESCAPE TUNNEL COMING
678,MOTOWN   Âè∞Âåó
679,FOGBOUND BERKELEY CALIFORNIA
680,MEMPHIS
681,MIDVIEW CITY
682,MILKY WAY GALAXY
683,EUGENE OREGON
684,OHIO !
685,TX AKA WESLOKO
686,ALL AROUND CENTRAL FLORIDA
687,40203
688,FL AND NYC
689,CA 94102
690,HOLLISTER
691,LOWER ALABAMA
692,BC
693,MONTREAL
694,NORTH IDAHO
695,HAWAII THE WEST THE EAST COAST
696,MARYLAND‚Ä¢BALTIMORE‚Ä¢DC METRO
697,NEW YORK CITY AND LOS ANGELES
698,BABY! - #BUDETTIVIBE
699,PEACE CONNECTICUT
700,FLORIDA DAMNIT
701,IL SHE HER
702,KYOTO
703,NEW YORK CITY     FBCOM NYDAILYNEWS
704,OKAY?
705,EASTERN WASHINGTON
706,SOME WHERE IN TEXAS
707,CA    E24FPCOM
708,ACROSS MISSOURI
709,ALLEN BROOK SCHOOL  VERMONT
710,CLOVER SOUTH CAROLINA
711,UNIVERSITY OF CENTRAL OKLAHOMA
712,CENTRAL FLORIDA
713,TN + WORLDWIDE
714,ARG
715,WITHAPILLOW
716,WASHINGTON DC METRO AREA - WORK INTERNATIONALLY
717,INDIANA   SHE THEY   WHITE
718,UNIVERSITY OF KANSAS
719,SPRINGFIELD MISSOURI
720,UNIVERSITY OF OREGON
721,WA+
722,KENNESAW GEORGIA
723,INDIANA UNIVERSITY
724,WITHOUT THE SUN
725,L9V 2W5
726,KENNEBUNK MAINE
727,LORE
728,20772
729,CAMBRIDGESHIRE
730,MENGO
731,VIC 3142
732,KENT WASHINGTON
733,SWANSEA
734,ARMENIA
735,DELHI 110088
736,KZN
737,ANCHORAGE  ALASKA
738,WA AND WASHINGTON DC
739,BAJA CALIFORNIA
740,BRC
741,THE UNIVERSITY OF MISSISSIPPI
742,CA 510 573-3633
743,INDIANA UNIVERSITY BLOOMINGTON
744,CANADA   MEXICO
745,MINNEAPOLIS MINNESOTA
746,SAN FRANCISCO
747,NEW YORK CITY   ROMA
748,BATH
749,NEW ORLEANS
750,NC   301 FLOWERS BLDG
751,NJ ON THE HUDSON
752,GANTS HILL
753,VIC
754,VALE OF GLAMORGAN
755,LONDON   NEW YORK   SINGAPORE
756,MIDLANDS
757,COMUNIDAD DE MADRID
758,MEREDALE
759,FLORIDA   IN   OUT ON WEEKENDS
760,LOST IN MICHIGAN
761,CALIFORNIA   WEST COAST
762,HAINES FALLS NEW YORK 12436
763,MICHIGAN GALWAY ARIZONA ONLINE
764,MOTHER EARTH
765,RICHMOND TW9 2RE
766,MANCHESTER
767,ü¶ÇüèúARIZONAüèúüêç
768,SOUTHWEST COLORADO
769,MONTANA PARK PRETORIA
770,CARDIFF
771,CALIFORNIA  ~ NYC ~ GLOBAL
772,HNL
773,SOUTHERN NEVADA
774,DETROITFUCKINMICHIGAN
775,GA SC BORN   RAISED
776,SOUTH GEORGIA
777,VIRGINIA BEACH
778,MILKY WAY
779,NEGERI SEMBILAN
780,DELAWARE RIVER VALLEY - PA
781,CO WICKLOW
782,COUNTY KERRY
783,CA 90012
784,WEST LAFAYETTE INDIANA
785,OHIO 44077
786,REALLY
787,INDIANAPOLIS AREA
788,NEV
789,3959 BRIGHTON ROSE SQUARE OHIO
790,WA 99111
791,DC MOSTLY
792,PLYMOUTH   HAMPSHIRE
793,EASTERN IOWA
794,CO METRO AREA   WHEREVER YOU BUSINESS NEEDS US
795,UNIVERSITY OF WASHINGTON
796,NEW YORK   HELSINKI
797,HINDUSTAN
798,CAMBRIDGE
799,NETHERLANDS
800,CA- HOME
801,KANSAS CITY   CHICAGO
802,WA STATE   NORTH IDAHO
803,IDAHO STATE UNIVERSITY
804,A LONG WAY FROM LOUISIANA
805,ARK
806,UNIVERSITY OF MICHIGAN
807,SAN ANTONIO NEW YORK CITY
808,CAROLINAS   GEORGIA   DC
809,KANSAS   OKLAHOMA CAMPUSES
810,DC ¬∑ 1035 FM
811,THE UNIVERSITY OF IOWA
812,YOUR HYPOTHETICAL IOWA
813,FLORIDA - CALI - FLORIDA
814,UNIVERSITY OF OKLAHOMA
815,RIZAL
816,NEWFOUNDLAND AND LABRADOR
817,CATALUNYA
818,MD AND ONLINE
819,CA   ZURICH
820,SPAIN
821,MOUNT AYLIFF
822,91761
823,CAL
824,WEST PALM BEACH FLORIDA
825,WI 54016
826,UNIVERSITY OF MISSOURI
827,CENTRAL IOWA
828,DENVER   GLASGOW
829,CA MARIN
830,AND MONTANA
831,MI 48315
832,DFW TEXAS
833,THE NATION OF TEXAS
834,UNIVERSITY OF ILLINOIS-URBANA
835,TUCSON ARIZONA
836,JOHNSON COUNTY KANSAS
837,ARDEE
838,FORT LAUDERDALE FLORIDA
839,ST ASAPH
840,CO WESTMEATH
841,LANZAROTE
842,WICKLOW IRELAND
843,TQ12 1EJ
844,MIDLANDS   UK WIDE
845,DERBY
846,PACE FLORIDA
847,NEW YORK WEST AFRICA SYDNEY
848,IA‚û°Ô∏è TX
849,MAKATI CITY
850,NY HOME OF CORNELL UNIVERSITY
851,BEXAR BLUE TEXAS
852,TEXAS VIA TENNESSEE
853,CAPE COD MASSACHUSETTS
854,MISSOURI IHOPKC
855,FLORIDA ATLANTIC UNIVERSITY
856,WATERDOWN
857,SERVING THE STATE OF DELAWARE
858,UTAH BY WAY OF MISSOURI AND ILLINOIS
859,WASHINGTON DC AREA
860,WITH THE BEARS   COYOTES
861,SUMMIT   MEDINA COUNTIES OHIO
862,COLUMBIA U
863,COUNTY DURHAM DH87BF
864,DEVON
865,MILTON PARK
866,COWBRIDGE COMMUNITY COLLEGE
867,MIDDLE ISH AREA
868,BRISBANE
869,NY  ‚Ä¢  SHE HER
870,WASHINGTON UNIVERSITY
871,CALABAR
872,UNIVERSITY OF MAINE
873,DERBYSHIRE
874,CAMP HALF BLOOD
875,LOWELL
876,CARMARTHENSHIRE
877,UNIVERSITY OF WISCONSIN
878,INDIANAPOLIS+DC+NYC+DALLAS+MCO
879,INGLEBY BARWICK
880,CATALONIA
881,THE BOOT AKA LOUISIANA
882,CA 92618
883,N CALIFORNIA + W CORK IRELAND
884,NASHVILLE TENNESSEE
885,TEXAS STATE UNIVERSITY - @TXST_CLS
886,WA USA
887,STUCK IN KANSAS
888,COBOURG
889,CLARE
890,SHEFFIELD
891,PA 19530
892,RINGWOOD
893,UNIVERSITY OF NORTH CAROLINA
894,FREETOWN MASSACHUSETTS
895,OUTSIDE OF DC   SW FLORIDA
896,CAGAYAN VALLEY
897,TIJUANA
898,LALITPUR
899,5 CAMPUSES IN SW MINNESOTA
900,CALIFORNIA GIRL IN TEXAS
901,CO DUBLIN
902,QATAR
903,COUNTY DUBLIN IE
904,HIMACHAL
905,VICTORIA AUSTRALIA
906,KY 40202
907,MALAWI üá≤üáº
908,TRUTHTOWN ALABAMA
909,HOUSTON
910,UNIVERSITY OF NORTH GEORGIA
911,MO   SHE HER HERS
912,TAMPA FLORIDA
913,SEQUIM WASHINGTON
914,DC SILICON VALLEY
915,WESTERN NEW YORK ~ 8 COUNTIES
916,TEXAS   BEYOND!
917,MONTR√âAL
918,WEST COAST FLORIDA
919,UNIVERSITY OF FLORIDA
920,ALDERAAN
921,ALBERTA TREATY 7
922,CURRENT IOWAN
923,NORTHWEST ARKANSAS
924,CLEVELAND
925,MINNESOTA   IOWA
926,MINOR!
927,NEW YORK   GERMANY
928,PATERSON
929,ARRUPE HALL
930,WORLD CITIZEN
931,CAMARINES SUR
932,NC 27607
933,97302
934,ALBERTA TREATY 6
935,IN + AROUND MID-MICHIGAN
936,ND 58201
937,WIS
938,SPOKANE   PHILIPPINES
939,DCAND BEYOND
940,UNIVERSITY OF NEBRASKA MEDICAL CENTER
941,TX 77024
942,COMMONWEALTH OF KENTUCKY
943,PH
944,SAC LAND
945,VIEWS MY OWN
946,DES MOINES
947,AMERICA‚ÄôS BEST STATE
948,PAKISTAN  SWABI
949,CARTAGENA
950,TX 77055
951,IL 61635
952,NEO ZEON
953,WESTERN KENTUCKY
954,NORTHERN KENTUCKY UNIVERSITY
955,PA   BEYOND
956,NEW MEXICO  JUNE 27 2018
957,MA 02035
958,ATHENS OH
959,SOUTH DAKOTA
960,CA AND ONLINE EVERYWHERE
961,SOMETIMES NW
962,TEXAS GULF COAST
963,WASHINGTON DC  BALTIMORE üáªüá™
964,SOUTH CAROLINA üá∫üá∏
965,R3C 3H9
966,NEW YORK   LOS ANGELES
967,SYD
968,NORTHERN MICHIGAN
969,INDONE
970,261 E COLORADO BLVD SUITE 218 PASADENA CA 91101
971,LANTAI DASAR
972,NORTH GEORGIA
973,OOLTEWAH
974,‚öúÔ∏èLOUISIANA ‚úàÔ∏è DELAWARE üêû
975,MALAPPURAM
976,AND HONDURAS
977,RIGHT?
978,IA - ALWAYS A CYCLONE
979,CT   NYC
980,METRO WASHINGTON DC
981,CENTRAL KANSAS
982,SOUTHERN MARYLAND ONLINE
983,DIRTY D   NEW YORK BITY
984,INLAND EMPIRE
985,SOUTHERN LOWER MICHIGAN
986,WILAYAH PERSEKUTUAN KUALA LUMPUR
987,THE REPUBLIC OF TEXAS
988,IN YOUR MIND
989,NC WAKE COUNTY
990,GA STL HOMEGIRL
991,MO 64153  816 321-2737
992,CARSON CITY   RURAL NEVADA
993,WVA
994,MN AMERICA
995,HI 96761
996,EASTERN MASSACHUSETTS
997,KANSAS‚ÄîBORN   BREAD
998,NC 27539
999,MOBILE-WASHINGTON DC ATM
1000,LEYTE
1001,NORTHERN ONTARIO   MICHIGAN
1002,EASTERN IDAHO
1003,NORTHERN VIRGINIANOT REGULAR VABUT NOVA
1004,MASSACHUSETTS 01742
1005,FLORIDA'S SUNCOAST
1006,CALIFORNIA   NATIONWIDE
1007,MISSOURI  63069
1008,WASHINGTON DC AND RIYADH
1009,OTTAWA
1010,ARIZONA + ONLINE
1011,OHIO AND KENTUCKY
1012,TX 79928
1013,GA USA
1014,LOUISVILLE KENTUCKY
1015,CENTRAL MASSACHUSETTS
1016,DUBAI
1017,KOLKATTA
1018,OKLAHOMA üá∫üá∏
1019,NC 28120
1020,CAIRO
1021,DE6 1EJ
1022,LAS VEGAS   HENDERSON NEVADA
1023,BORN IN GEORGIA
1024,WESTERN NEW YORK
1025,VIRGINIA WITH A PNW HEART
1026,DC 20009
1027,AK 99501
1028,WAYNE COUNTY MICHIGAN
1029,OKLAHOMA CITY METRO
1030,BALTRUSATEMAILARIZONAEDU
1031,KANSAS CITY AREA
1032,MINNESOTA + CHICAGO
1033,TN 37918
1034,WASHINGTON DC OR THEREABOUTS
1035,DC   NEW YORK CITY
1036,BETHANY BEACH
1037,FL - DE-TROIT
1038,NJ 07601
1039,COLE WORLD
1040,SPLIT
1041,CORK
1042,MOODY BUTTE
1043,COZY
1044,UL
1045,CONN
1046,WITH YOU - UK
1047,ISABELA PHIL
1048,SMALL TOWN IOWA
1049,WAIMANALO HAWAII
1050,MISSISSIPPI GULF COAST
1051,CAMPANIA
1052,WESTERN KENTUCKY UNIVERSITY
1053,VANDERBIJLPARK
1054,AUSTIN TEXAS
1055,NEW YORK METRO AREA
1056,CARIBBEAN üåé
1057,98166
1058,MA   AFRICA
1059,UNIVERSITY OF WEST ALABAMA
1060,ARIZONA üá∫üá≤üá∫üá≤
1061,COGALWAY
1062,78746
1063,SHIREBROOK
1064,PRETORIA
1065,ORANGE CO CA
1066,SCENIC HAMPTON ROADS VIRGINIA
1067,PVD X YYZ X TEXAS
1068,SO CALIFORNIA
1069,THE WILDS OF WISCONSIN
1070,TX-
1071,PANAMA
1072,CAN
1073,STATEN ISLAND
1074,TE WAI POUNAMU
1075,KS   HE HIM
1076,TX - INTERNATIONAL
1077,IN THE CITY OF NEW YORK
1078,PASADENA CA
1079,NY AND ONLINE
1080,MASSACHUSETTS   WOMPANOAG LAND
1081,PHILADELPHIA
1082,WEST CHESTER OHIO
1083,NV   NATIONWIDE
1084,TEXAS   OKLAHOMA
1085,PALEBLUEDOT~KANSAS
1086,INTERNATIONAL
1087,OXFORD AND NEW YORK
1088,KENTUCKY BLUEGRASS
1089,PA 15055
1090,TX 75081
1091,ONLINE
1092,INDIAüìç
1093,ROTTERDAM
1094,MN 55441
1095,NEEDS 2 UPDATE BLOG
1096,SE WISCONSIN
1097,CO DONEGAL
1098,PA AND ONLINE
1099,FK10 2BS
1100,NY 10024
1101,MAHARASHTRA 400059
1102,GREATER NEW YORK
1103,CA 90247
1104,CALIFORNIA - VANCOUVER
1105,MACAU
1106,DELAWARE CO
1107,GOA
1108,ONTARIO CALIFORNIA
1109,MALDIVES
1110,30066
1111,BEAUMONT TEXAS
1112,MADISON WISCONSIN
1113,DELHI NCR INDIA
1114,MABLETON GEORGIA
1115,NEW YORK AND EVERYWHERE
1116,TEXAS   STREAMING FOLKLORE üå≤
1117,NEW YORK NEW YORK
1118,UTC +9
1119,CA 92860
1120,MEMPHIS - SUNNY CALIFORNIA
1121,SOUTHEAST GEORGIA
1122,IOWA    WASHINGTON DC
1123,04330
1124,NEW YORK ‚Ä¢ SHE HER
1125,36
1126,SOMEWHERE IN ILLINOIS
1127,‚û°Ô∏èNEW YORK‚û°Ô∏èSTLOUIS‚û°Ô∏èMEMPHIS
1128,DC MARYLAND
1129,WARANGAL-HAMAMKO
1130,MADRID-WASHINGTON DC
1131,NC     SHE HER
1132,CA 92677
1133,KS 67206
1134,767 3RD AVE FL 38 NEW YORK NY
1135,MESKWAKI   SAUK LAND
1136,NORTH CENTRAL FLORIDA
1137,OKLAHOMA NOT THE SEXY ONE
1138,EITHER TEXAS OR NEW MEXICO
1139,WASHINGTON DC METRO
1140,IOWA CITY
1141,BATON ROUGE   ARKANSAS
1142,SOMEWHERE IN TEXAS
1143,UNIVERSITY OF INDIANAPOLIS
1144,WEST VIRGINIA   DC
1145,WASHINGTON DC ‚áå BIRMINGHAM AL
1146,NEW YORK NEW JERSEY
1147,FL ‚áî SŒëN D√ç–ÑGŒ£
1148,BLUE DOT IN NE FLORIDA
1149,UNIVERSITY OF GEORGIA
1150,WESTERVILLE OHIO
1151,BRONX
1152,NEW MEXICO    COLORADO
1153,LAKESIDE ARIZONA
1154,MOVING TO WISCONSIN
1155,ORE
1156,MICHIGANü§ò
1157,HIDALGO
1158,CA    PST
1159,WARSAW   NEW YORK   LONDON
1160,üá™üáπ
1161,SOUTHWEST MICHIGAN
1162,AZTLAN
1163,POST-APOCALYPTIC OHIO
1164,MA 02081
1165,LOUISIANAÓåÆ
1166,UT  84093-5502
1167,NEW YORK AND THE WORLD
1168,MD 20817
1169,MI 48375-1777
1170,MN 55744
1171,BUT REALLY OKLAHOMA
1172,EVERYWHERE IN TENNESSEE
1173,TX 77598-4389
1174,CAVALIER   LANGDON ND
1175,FL 34601
1176,OHIO 45069
1177,CA 95841
1178,PAKISTA
1179,NE OHIO WEIRD WEATHER WORLD
1180,CANADA ‚ô°
1181,AIRPORTS
1182,BLOOMINGTON INDIANA
1183,MANASSAS PARK
1184,NEVER SURE BUT MOSTLY MICHIGAN
1185,LANDMARK BUILDING
1186,GA - HE HIM HIS
1187,NEW YORK LONG ISLAND
1188,UPSTATE NEW YORK
1189,CLEVELAND TX 77327
1190,PAMBANSANG
1191,050419 ‚Ä¢ CALIFORNIAüá∫üá∏üá≤üáΩ
1192,OKLAHOMA USA
1193,UNIVERSITY OF NEBRASKA '17
1194,WALWORTH CO
1195,NY - VIA PHILLY JERSEY LA
1196,RI VIA LONDON
1197,NY HE HIM 20
1198,MS-524
1199,GEORGIA LOL
1200,OH   TORONTO
1201,NEW YORKER LIVING IN PHILLY
1202,COLORADO ATM
1203,OKLAHOMA!
1204,'MURICA
1205,AMMAN-TORONTO-CALIFORNIA
1206,MENTOR KENT OHIO
1207,GA üçë
1208,NEW YORK     19
1209,CA 93021
1210,19   CALIFORNIA   SHE HER
1211,TOKYO EXPAT FROM CALIFORNIA
1212,UNIVERSITY OF IOWA
1213,ARIZONA   SHE HER
1214,CA 94607
1215,WARNER
1216,CA 92103
1217,PENNSYLVANIA
1218,WILD   WONDERFUL WEST VIRGINIA
1219,ILLINOIS 61348
1220,TX ‚úà
1221,ILLINOIS - CST TIMEZONE
1222,LA   BULBANCHA
1223,LAND STOLEN FROM THE PISCATAWAY TRIBE
1224,ARKANSAS BABY
1225,ARTIST ALLEY TEXAS
1226,CANDICE LERAE!
1227,IDAHO ON MY BEST DAYS
1228,SNSD
1229,MB
1230,THE NORTHERN PART
1231,HAWAII „Éè„ÉØ„Ç§
1232,MANNHEIM
1233,CURRENTLY IN NORTH CAROLINA
1234,MAHARASTRA
1235,DEHRADUN IN
1236,NEW YORK CITY AND NAIROBI
1237,TEXAS ALABAMA
1238,MIDDLE-EARTH
1239,EASTERN KENTUCKY UNIVERSITY
1240,FLORIDA EAST COAST
1241,PRC
1242,COLORADO SPRINGS CO
1243,ANN ARBOR MICHIGAN
1244,VALLEY OF THE SUN  ARIZONA
1245,MINNESOTA OR MINNESNOWTA
1246,FLORIDA STATE UNIVERSITY
1247,HIMACHALüóªüèØüå≤üçé
1248,AL AIN UAE
1249,GALAXIA
1250,MICHIGAN STATE UNIVERSITY
1251,CA CALIFORNIA
1252,SUNNY ISLES BEACH FLORIDA
1253,DENVER COLORADO
1254,AND SQUAMISH NATIONS
1255,WASHINGTON UNIV IN ST LOUIS
1256,#EGYPT
1257,AFGHANISTAN
1258,RAY
1259,EARTH
1260,LOS ANGELES AND WASHINGTON DC
1261,HUNTINGTON
1262,IL  61822
1263,IFHAWAIINEWSBLOGSPOTCOM
1264,NOT CALIFORNIA
1265,CA NISENAN LAND
1266,GREATER NEW YORK AREA
1267,CO WATERFORD
1268,LOUISIANA   ELSEWHERE
1269,GA üìç
1270,FLORIDA ‚òº
1271,MS ‚Äî UNIV OF MISS
1272,PAKISTAN üáµüá∞
1273,RESIDE IN MN
1274,NEATH PORTALBOT
1275,SD VIA TEXAS
1276,TEXASS
1277,HELENA MONTANA
1278,DE    HER SHE
1279,WV 304-419-4446
1280,11 OREGON COUNTIES
1281,CAMBRIDGE NEW YORK
1282,SE MICHIGAN
1283,DECATUR
1284,ONDO
1285,OHIO!
1286,UNIVERSITY OF TEXAS AT DALLAS
1287,NY 12786
1288,MORRO BAY CA
1289,UTAH STATE UNIVERSITY
1290,BROOKLYN
1291,FL NATIVE IN NC
1292,COASTAL CALIFORNIA
1293,TREATY 4
1294,A PENNSYLVANIAN IN TEXAS ‚ù§Ô∏è
1295,TEXAS DALLAS SUBURB
1296,TX Y MADRID!
1297,FLORIDA AKA HELL
1298,CALIFORNIA -THE STEPFORD STATE
1299,MENTOR OHIO
1300,AL 35490
1301,CASTELSARRASIN
1302,OH * TOSU ALUM
1303,FL 33321
1304,CO ARMAGH
1305,WORLD TRAVELER
1306,PREFERRABLY ASLEEP
1307,RENTON WASHINGTON
1308,NORTHERN INDIANA
1309,PA 15301
1310,MTL
1311,STL‚úàÔ∏èHAMPTONU‚úàÔ∏èUIOWA‚úàÔ∏èPITT
1312,LENAPE LAND  NEW YORK CITY
1313,OR 97520
1314,MAGYARORSZ√ÅG
1315,CA  üá≤üáΩ
1316,EDGEWATER MARYLAND
1317,IN        HE HIM
1318,SE OHIO
1319,MANILA CITY
1320,MID-MICHIGAN
1321,COMMONWEALTH
1322,CAJUN IN CONNECTICUT
1323,SEISTA KEY
1324,VIRTUALLY
1325,MS AREA
1326,MOBILE
1327,DC THE BERKSHIRES
1328,CENTRAL ARKANSAS
1329,NY DISNEY=MY 2ND HOME
1330,AUST
1331,OR ‚úäüèªüñ§üåπ
1332,LOS ANGELES   MONTANA
1333,DCISH
1334,S CALIFORNIA
1335,N0G 2M0
1336,HELL OR TEXAS
1337,POCATELLO IDAHO
1338,TX VIA NY
1339,MIDLAND TEXAS
1340,TWIN CITIES MINNESOTA
1341,NW CONNECTICUT WESTERN MASS
1342,MASSACHUSETTS IT‚ÄôS A STATE
1343,ARIZONA CALIFORNIA
1344,TN   SHE HER
1345,IOWA STATE UNIVERSITY
1346,üáµüá≠
1347,HITCHIN
1348,WISC WOMAN
1349,SOUTH FLORIDA OR ?
1350,WEST VIRGINIA UNIVERSITY
1351,GEORGIA ATLANTA HEWES ST
1352,MISSOURI KANSAS MADISON ST
1353,SOUTH TEXAS
1354,LONELY
1355,CA ‚òÄÔ∏è
1356,IN THE WATERS
1357,NEW ORLEANS VIA NEBRASKA
1358,INDIA FROM ‡∞∂‡±ç‡∞∞‡±Ä‡∞ï‡∞æ
1359,UNIVERSITY OF ILLINOIS
1360,STATE OF TENNESSEE
1361,UNIVERSITY OF COLORADO BOULDER
1362,MANHATTAN       KANSAS
1363,PAIGNTON
1364,SINGAPORE ‚û° MICHIGAN ‚û° CHICAGO
1365,NC 27695
1366,GEORGIA TECH
1367,LITHUANIA
1368,VA: JMU
1369,#BALTIMORE #MARYLAND
1370,9JA
1371,TX   MORE
1372,IOWA AND THE INTERTUBES
1373,THROUGHOUT CALIFORNIA
1374,LAGOS ISLAND
1375,LOCATED IN THE PARK TERRACE PLAZA
1376,IOWA AND COLORADO
1377,AZ 85020
1378,NORTHWEST OHIO
1379,SOUTHERN MAINE
1380,LANCS BUT WILL TRAVEL
1381,SOUTHEAST WISCONSIN
1382,COWBOYS AND RANGERS
1383,POWELL OHIO
1384,TEXAS üî•üî• üá∫üá∏
1385,IL  THE DIRTY DTOWN
1386,MILWAUKEE WISCONSIN
1387,MISSISSIPPI STATE UNIVERSITY
1388,MT PEARL
1389,NC SINCE 1978
1390,ALIEF ISD
1391,NY   PA
1392,ARIZONA STATE UNIVERSITY
1393,MINNEAPOLIS
1394,INDIANA 46342
1395,WINSTON-SALEM NC
1396,NW OHIO
1397,MONTANA MONTANA MONTANA
1398,MINNESOTA OR IOWA
1399,QU√âBEC
1400,BASTROP COUNTY TEXAS
1401,ARLINGTON VA
1402,RHODE ISLAND
1403,IN THE SCHOOL LIBRARY
1404,TEXAS HILL COUNTRY
1405,IN A DARK ROOM WITH STRANGERS
1406,RICHMOND VA
1407,MERCER COUNTY PENNSYLVANIA
1408,BAY AREA OF CALIFORNIA
1409,Q
1410,NEITHER HERE NOR THERE
1411,ALCESTER ACADEMY
1412,CONNECTING WITH EDUCATORS IN 117 COUNTRIES
1413,ILIGAN CITY
1414,PRETTY GIRL COUNTY
1415,OKC DC AREA
1416,IN THE HOOD
1417,WAKEFIELD
1418,DENVER ‚úàÔ∏è DETROIT
1419,MILL VALLEY HIGH SCHOOL
1420,WINDSOR CT
1421,U WISCONSIN MILWAUKEE
1422,SOUTH CENTRAL PENNSYLVANIA
1423,INSTAGRAM @SECUPP
